"V1","V2","V3","V4","V5","V6","V7","V8"
1,1,1,1,0.974997652509331,1.31828846263552,1.57298715015342,1.15858584717481
1,1,1,1,1.05616079442493,1.27052050940705,1.46784694940658,1.07480604159909
1,1,1,1,1.11271075750287,1.30604746136524,1.48507006967561,1.23718324920377
1,1,1,1,1.08948275091418,1.30357849157486,1.73190202493927,1.13193080805029
1,1,1,1,0.972616069474491,1.45245909008751,1.46138025646286,0.957883263849272
1,1,1,1,0.843002610931545,1.13217033466339,1.24884572012059,1.03431831334135
1,1,1,1,1.53829551318994,2.22356645896789,2.33687958926851,1.22479113815439
1,1,1,1,0.946155436133966,1.33627145627799,1.54893227325695,1.0480429574127
1,1,1,1,1.28826776071562,1.5070659409166,1.90372020353534,1.20465166147545
1,1,1,1,0.832849543698831,1.16513095931046,1.14044641003118,1.14065663859938
1,1,1,1,1.01535207756165,1.2709204696009,1.73091430324077,1.0888929692699
1,1,1,1,1.0229757277912,1.28914683183349,1.36079836575024,1.18681280710022
1,1,1,1,1.0017461018461,1.18957957831116,1.30289888438787,1.09582616328248
1,1,1,1,1.02842738844918,1.77643175780166,1.93545470995132,1.25833745717297
1,1,1,1,0.998752569515622,1.46069792981465,1.50563291303847,1.25139631630193
0,0,0,0,1.12021142978,1.39979684304409,1.54157506683159,1.15915632744212
1,1,1,1,1.07914658488633,1.46187790021271,1.63588686330152,1.06495171281787
1,1,1,1,1.14625852334411,1.32507880899157,1.70059001396136,1.13610165706387
1,1,1,1,1.05759344576294,1.35110171681671,1.5235385384071,0.977776186914402
1,1,1,1,1.1271939982077,1.27994167916627,1.36491796121395,1.24001163228818
1,1,1,1,1.30695531031498,1.62160716297225,1.6848836313622,1.16151241627227
1,1,1,1,0.995694722731903,1.33050077803472,1.48887618040434,1.06005371086896
1,1,1,1,1.20332204816683,1.44875824487358,1.72192418128086,1.46758184740407
1,1,1,1,0.833207687427421,1.33416521878304,1.53511391940588,1.13281947126244
1,1,1,1,1.09514924745733,1.3010055625409,1.49286669843416,1.31099438525982
1,1,1,1,0.866250842472674,1.10232502104113,1.21956915230945,1.09029755922171
1,1,1,1,1.24999865213695,1.62313013412878,1.88064374669483,1.17205991275519
1,1,1,1,0.945901547496376,1.2185918485808,1.42989725774281,0.971316427045018
1,1,1,1,1.06467855293166,1.39542477994976,1.64191292593406,1.21906137515663
1,1,1,1,1.02305987648184,1.34564368003944,1.67272387367904,1.3012495581421
1,1,1,1,0.99119607435216,1.09634135421594,1.32112852642019,1.17407080361401
1,1,1,1,0.892580611899056,1.24210073000774,1.37655031432088,1.25906591786516
1,1,1,1,1.15765059343685,1.37915943195161,1.73379697434067,1.34225503403729
1,1,1,1,0.9651821944931,1.22203052971192,1.37655515984136,1.10942933703333
1,1,1,1,1.21832894440447,1.3578534531524,1.69704365309162,1.1136752326227
1,1,1,1,1.07099585663233,1.47388561760663,1.7046391657436,1.20885835980647
1,1,1,1,1.31745418559764,1.71592394950934,1.96274830903722,1.22923911685039
1,1,1,1,1.0291619648687,1.23310075402921,1.35502312640355,1.28356349304569
1,1,1,1,1.29202753769148,2.05606996058996,2.21077202253335,1.13446622512593
1,1,1,1,1.01785420018719,1.16241513268127,1.49898457620546,1.19616770295336
1,1,1,1,1.02640944669109,1.33210941420866,1.38090042846627,0.976379953954856
1,1,1,1,1.09633536542883,1.35677087751657,1.64451060206293,1.29634313550686
0,1,0,1,1.20215119616917,1.42265406070146,1.55391547372126,1.18070348402876
1,1,1,1,0.981482146481708,1.2556995546876,1.56298043325956,0.930037291693909
1,1,1,1,0.884051485020532,1.27363747866519,1.40695945127098,1.06214235392382
1,1,1,1,0.91155856702475,1.3517779335177,1.47755202913931,1.10639943697529
1,1,1,1,1.08051552755163,1.23827896395209,1.56481649676362,1.20391071758698
1,1,1,1,1.16436010943217,1.37101636024654,1.62668083707903,1.12650998405557
1,1,1,1,0.95579664309213,1.09837140279807,1.33503067115617,1.21775014310178
1,1,1,1,1.15844168018144,1.716359847566,1.93189148133497,1.29442340095428
1,1,1,1,1.18879131055957,1.40132432949719,1.75768539387279,1.37879413483648
1,1,1,1,0.99635170576465,1.38721388000725,1.63614057356592,1.17889211519748
1,1,1,1,0.811208278401603,1.06155850746549,1.08449235514706,1.15729300667441
1,1,1,1,1.14897198193318,1.35968308943952,1.72817906845647,1.17754719476315
1,1,1,1,1.0475880502829,1.21003613185398,1.56438706876491,1.33613092519884
0,0,0,0,1.02228623537883,1.09671156298942,1.46283459506563,1.16615576076425
1,1,1,1,1.09029046196308,1.41896760639612,1.57579821638167,1.20152566309686
1,1,1,1,0.944271538062903,1.35000262414489,1.52430259873975,0.931667078266471
1,1,1,1,0.963522435043382,1.19337372888756,1.42611731116887,1.06734805165783
1,1,1,1,1.0952557088158,1.48415823089894,1.86020793744362,1.10190242089548
1,1,1,1,0.965932080894923,1.13382974015611,1.53495397779116,1.23799080429949
1,1,1,1,1.19513758126899,1.2857422407776,1.52133522877974,1.13459979412526
1,1,1,1,1.19963756729271,1.3682651165152,1.48048350881762,1.29236047874022
1,1,1,1,1.07433364011661,1.18784816747495,1.58837012936869,1.25503580637665
1,1,1,1,1.01951573672392,1.45030942064506,1.58164120608433,1.32884630308655
1,1,1,1,1.01849617065106,1.27592023974269,1.41882191049772,1.26631967530736
1,1,1,1,1.16268646427854,1.44969906371121,1.76365468265183,1.20600488740749
1,1,1,1,1.32515776320652,1.46966900882567,1.62994269519668,1.04189206438229
1,1,1,1,1.06452111338752,1.22621069284955,1.42643713408527,1.33540993537145
1,1,1,1,1.40530696850129,1.60927369727959,1.88319876894026,1.34030813517905
1,1,1,1,0.986767123414848,1.58135157936187,1.66316676981483,1.13202279960529
1,1,1,1,1.03927939336714,1.40925776494988,1.47006238947521,1.19320443370742
1,1,1,1,1.02728119625682,1.26969601858584,1.50626117121357,1.07873110841899
1,1,1,1,0.924231261755256,1.46957095538681,1.5569658413885,1.1574366130443
1,1,1,1,1.2777805747425,1.83367935374189,2.05339561738514,1.14495685614599
1,1,1,1,1.42930226840277,1.68546316495629,1.82833275134561,1.26742803994093
1,1,1,1,1.07453907830856,1.26466604315326,1.41320716739186,1.16148155148175
1,1,1,1,1.35503248217902,1.58673607671272,1.76398884755855,1.4050370457701
1,1,1,1,1.10597704528151,1.32275273195192,1.47911678564874,1.22568545634273
1,1,1,1,1.05527018544168,1.28747986463229,1.60823303366089,1.29411467578475
1,1,1,1,1.01845301371373,1.49442090199437,1.72339292193911,1.13545959149432
1,1,1,1,1.10908150013563,1.35353735788255,1.62746084312843,1.14096579335537
1,1,1,1,1.25239753010063,1.33176357549203,1.81070723089844,1.25695339792394
1,1,1,1,1.18280519587175,1.40948259370897,1.60790167550608,1.27167590650109
1,1,1,1,1.083894615988,1.57970829413285,1.75000584884528,1.38408188483583
1,1,1,1,0.882496327741884,1.24788570992068,1.33135712502461,1.02255308315319
1,1,1,1,1.35096750185325,1.67718801509769,1.86022613115976,1.14912190502132
1,1,1,0,1.26950492853029,1.65709380066651,1.88720693777723,1.33429697487616
1,1,1,1,1.02892684364072,1.25609595534542,1.55861302582874,1.31471031504137
1,1,1,1,1.19686767309627,1.43508669719856,1.69776990176545,1.12525393443358
1,1,1,1,0.962696357651025,1.50914461404699,1.67601381183378,1.04428509728155
1,1,1,1,1.03727293945719,1.20094792599619,1.47957310852554,1.01397994314157
1,1,1,1,1.2731363149484,1.53494962364761,1.69914047884719,1.27032708389925
1,1,0,1,1.04842188541935,1.63419552079298,1.82410752588389,1.21762514978221
1,1,1,1,1.14838343717435,1.45955640776968,1.59888538198726,1.12339709026627
1,1,1,1,1.37064420462746,1.7059423631559,2.01510498164401,1.44634021800247
1,1,1,1,0.912365903193492,1.27080623745391,1.45668319348345,1.17827491995096
1,1,1,1,1.06847546587698,1.2108723406413,1.41800808650013,1.00700453029994
1,1,1,1,1.20081098089998,1.35313070938184,1.83106717312924,1.17156617789857
1,1,1,1,0.830223929412591,1.0549969984296,1.29119515521915,1.04227493345861
1,1,1,1,0.902931248408416,1.04011343574592,1.1698883531192,1.23287804834566
1,1,1,1,1.059925526065,1.63182346561613,1.89207594392451,1.34231996554916
1,1,1,1,1.08650638065174,1.55409855133849,1.66601139023305,1.42917363710029
1,1,1,1,0.966610089794652,1.51737521170659,1.6050095164884,1.12423097248823
1,1,1,1,1.19195906296499,1.3007313690692,1.5971490587429,1.40796592400382
1,1,1,1,1.17062661892471,1.46908523178169,1.72374255662071,1.21199819773016
1,1,1,1,1.22082068104422,1.38646120527664,1.84148479092769,1.25588654420956
1,1,1,1,1.4031356805921,1.40360219851236,1.61066720518984,1.42200860107681
1,1,1,1,1.03762939224178,1.17457654919325,1.57842157257615,1.11911494240395
1,1,1,1,1.09669654582793,1.3961476653523,1.52770436411368,1.24999526422517
1,1,1,1,0.970143053655542,1.21839740301538,1.44017173011455,1.23899571696137
1,1,1,1,1.20743818349046,1.33069047708538,1.87265219243832,1.21515850670491
1,1,1,1,1.04864084785814,1.23776724861865,1.52004961365661,1.14828679689767
0,1,1,1,1.09571059330148,1.25528498440635,1.64147235261107,1.24207660567818
1,1,1,1,1.02283001444905,1.16483148628613,1.51607924986746,1.23971101060445
0,0,1,0,1.04736526635207,1.19257756475356,1.34244262493076,1.21527090367604
1,1,1,1,1.21204164718572,1.52114024111189,1.74958555822311,1.18573477339905
1,1,1,1,1.16429321493212,1.32555315961319,1.47617521479889,1.25454949107721
1,1,1,1,0.988234079496433,1.28241650881225,1.51643820400791,1.01347777642624
0,0,0,0,1.08043689546822,1.21742582015107,1.52631719419668,1.28224884875632
1,1,1,1,1.10659259118968,1.1932170398138,1.55719731502038,1.12623188304792
1,1,1,1,0.899150323888747,1.09327903935414,1.41935004453723,0.923303862137368
1,1,1,1,1.15613691244825,1.21125016693899,1.44481332863963,1.17010529981564
1,1,1,1,1.13058831651561,1.67978923799559,1.98364624611529,1.43194378913136
1,1,1,1,1.12657046660594,1.37082727402863,2.0214594178619,0.999757862945374
1,1,1,1,1.07422424501283,1.29445829635697,1.60801847232617,1.31907666760539
1,1,1,1,1.0027266132916,1.4201667851225,1.53218443489875,1.16264936554934
1,1,1,1,1.40044522525025,1.52320066859618,1.75414644182364,1.4376274898722
1,1,1,1,0.954873738946517,1.31457930534813,1.4998124992138,1.10812917326349
1,1,1,1,0.966976990674563,1.34465819867772,1.30594119816654,0.926613696502661
1,1,1,1,0.85400317562441,1.23484112340597,1.30240881524265,0.794742552920441
1,1,1,1,1.22209941118498,1.6398017009921,1.87188675848682,1.0929674308278
1,1,1,1,1.03099737690252,1.26010488652417,1.44269565124284,1.11265306033946
1,1,1,1,1.20708958119157,1.25794065932424,1.70249799615051,1.13020957257359
1,1,1,1,1.10657528177537,1.38675117434519,1.57946063509001,1.24040483202846
1,1,1,1,1.28173409534051,1.52346618091895,1.51877294632344,1.21087011532462
1,1,1,1,0.956432741029997,1.22928158005272,1.34291668216128,0.989177814375858
1,1,1,1,1.22584181992131,1.51587863821935,1.50775746432522,1.21420924036649
1,1,1,1,0.962076885738851,1.27553894741218,1.597574298213,1.05779981053585
1,1,1,1,1.17190047947905,1.52753277824109,1.73638044243521,1.22355279377754
1,1,0,1,1.05805474004052,1.51644824969151,1.57012905682521,1.30659757208983
1,1,1,1,0.925895449609182,1.46260701832293,1.67840182313736,1.33904699876067
1,1,1,1,0.894132984112116,1.26776411817084,1.37290211027659,1.06305262224485
1,1,1,1,1.15808595317049,1.35517330812346,1.91693196781418,1.09055301295789
1,1,1,1,0.963077293147552,1.28811659182393,1.43708224576814,1.18228473657886
1,1,1,1,1.14422941849821,1.27949648750718,1.91468353334044,1.03358026968588
1,1,1,1,1.34741784885053,1.58171606994351,1.73515970749443,1.27635941454007
1,1,1,1,0.952843007344022,1.24510519721218,1.46398873128216,1.27984913384224
1,1,1,1,1.06717740777178,1.30337786542266,1.69048537114722,1.08541177508016
1,1,1,1,0.925688993802814,1.47425580749005,1.66811372335414,0.939433126159174
1,1,1,1,1.43656722701377,1.79441223106041,1.9916444487616,1.30731545278943
1,1,1,1,1.08785573150616,1.19148380983764,1.59728510300521,1.23669699599135
1,1,1,1,1.29631173133623,1.7552813818913,1.80339709257526,1.2649055085374
1,1,1,1,1.02952133208883,1.19355653617389,1.3451157361596,1.16823467760954
1,1,1,1,1.29864810371672,1.58406221755854,1.77020736182373,1.27716909573035
1,1,1,1,1.03408494569039,1.62834604417463,1.80269535012783,1.27226472243529
1,1,1,1,1.02643898765655,1.31026778836677,1.48712538539678,0.904261212125648
1,1,1,1,1.32563207995098,1.74863778235113,2.06463838954986,1.26536753570647
1,1,1,1,1.06170480773387,1.16191992994851,1.30262966820759,1.32074727197925
1,1,1,1,1.03981605449499,1.36839014864772,1.74081729529036,1.21397699462503
1,1,1,1,1.14230009581071,1.55017470263873,1.74478762405588,1.2596055477632
1,1,1,1,0.947501523060303,1.5121977120175,1.80286225271932,0.96368480210301
1,1,1,1,1.34703464104732,1.48154475208795,1.68935697580827,1.21127637555547
1,1,1,1,1.1227710959746,1.18606205474247,1.5482985925149,1.26157839007094
1,1,1,1,1.11329193939153,1.29537147145798,1.43103323086817,1.18508657230747
1,1,1,1,1.20269635735494,1.35561970963643,1.7623810218176,1.21217130070101
1,1,1,1,1.03114926106226,1.94400711978005,1.9515741840645,1.04068098306651
1,1,1,1,1.0059129415139,1.2848061523623,1.49975880160142,1.01404117738922
1,1,1,1,1.14298865819885,1.44654663096675,1.7603244609344,1.17879684831278
1,1,1,1,1.13818231574779,1.29728440812098,1.57384318488574,0.981404148433644
1,1,1,1,1.11969107908248,1.24389507043789,1.88835898827931,1.24448179528563
1,1,1,1,1.16197485381542,1.33797127111488,1.4470977228229,1.0841153230126
1,1,1,1,1.08989617448988,1.31107840140716,1.4445811808913,1.36143988097514
1,1,1,1,1.14946702171496,1.34497846664193,1.60103492721785,1.03765063396715
1,1,1,1,1.05772102488542,1.36655411464808,1.50137400842256,1.05777604238951
1,1,1,1,0.874766355038197,1.10227134782245,1.2218793845595,0.97749461228205
1,1,1,1,1.05974890755736,1.33152711340429,1.59189361728011,1.33273801014479
1,1,1,1,1.20822926880899,1.34566402050499,1.67756711238198,1.1487753463405
1,1,1,1,1.14757619718901,1.28930592132139,1.5012425897925,1.09718941824594
1,1,1,1,1.19748778941015,1.53437582354069,1.67432453121211,0.989942176573288
1,1,1,1,1.03132419012969,1.39410939451104,1.96106608213565,1.14418832811853
1,1,1,1,1.07978070547448,1.2804297221731,1.67465970138958,1.25515139426206
1,1,1,1,1.16329940951581,1.51262194532863,2.2257268408296,1.37264170088569
1,1,1,1,0.983080528229498,1.13244329514979,1.72574716063159,1.11162134952778
1,1,1,1,1.10276673205931,1.53590863646104,2.09915437725037,1.37533044604044
1,1,1,1,1.10627248913669,1.31664767090655,1.58637131300677,1.2344081951038
1,1,1,1,1.15137422923219,1.22817831107302,1.37946712767975,1.1793399122942
1,1,1,1,0.986256237494953,1.22974793844716,1.60761316535359,1.41435842764539
1,1,1,1,1.13171432374925,1.22879879840794,1.37170089403158,1.06678410508148
1,1,1,1,1.1007709644049,1.61427625357206,1.99790555059288,1.10920844956436
1,1,1,1,1.28431522935424,1.68544652848176,1.98088086636223,1.15206020951185
1,1,1,1,0.953687730116657,1.52381766401757,1.64815897558268,1.11442723301414
1,1,1,1,0.997031712369694,1.13935370381609,1.40718421673683,1.1779535028135
1,1,1,1,1.23158133054038,1.37057229702114,1.72013309837351,1.19911406014732
1,1,1,1,1.02727022837718,1.2570528120655,1.56825694019697,1.15021358565684
1,1,1,1,1.03674102784863,1.31120473232586,1.57653043442827,1.4117365881223
1,1,1,1,1.11413018760106,1.28632331241878,1.51241035480297,1.23516657722458
1,1,1,1,1.0603806711567,1.33128654697885,1.59034753065695,1.10477544936691
1,1,1,1,0.923353403974424,1.09332443963443,1.36948547069093,1.11563554669793
1,1,1,1,1.1042934144197,1.32703009121203,1.41202089003352,1.20423501875486
1,1,1,1,1.16104645378634,1.24095640637251,1.4449741157004,1.1643373475664
1,1,1,1,1.14115445390481,1.3406929703225,1.3918830006049,1.1698714324621
1,1,1,1,0.846484611172991,1.21942854384053,1.25459367813769,1.10901755957362
1,1,1,1,1.07341765672156,1.26983578805307,1.53883196207276,1.21147299766153
1,1,1,1,1.15906531987262,1.43991823403656,1.76763957614319,1.14707312524295
1,1,1,1,1.13472375391625,1.41083831443717,1.29102233013587,1.28823958581118
1,1,1,1,1.32347160341208,1.62193113255056,2.12153874040667,1.05360033007261
1,1,1,1,1.00335623464584,1.26686726812366,1.64473554677363,0.896465637783478
1,1,1,1,1.16478412632329,1.5306800306174,1.58811769198508,1.22472773077349
1,1,0,1,1.31582198078579,1.66320279358169,1.81936567622715,1.22437002999646
1,1,1,1,1.05953317205096,1.18723202790652,1.68171898895728,1.09475630932103
1,1,1,1,1.14274991548994,1.35066423134122,1.62106387422451,1.11621661646159
1,1,1,1,1.05506059933607,1.39276563692933,1.8520831199995,1.45624828007108
1,1,1,1,1.06496799195643,1.35001921608106,1.87006549543592,1.11974013944707
1,1,1,1,0.984984200762372,1.18133588635007,1.48437888152138,1.19711777067224
1,1,1,1,1.22356472672681,1.67529984697178,1.86123654198592,1.14713258489482
1,1,1,1,0.981668379919823,1.27850310716726,1.77297515894336,1.29640366497583
1,1,1,1,1.00155903146981,1.24289206966407,1.33493196832585,1.02792147934107
1,1,1,1,0.933522949588224,1.13540649633967,1.4145307395175,1.16579404920652
1,1,1,1,1.07418443165659,1.19407038250304,1.58057491805366,1.27790406225044
1,1,1,1,1.06263570285886,1.52344623217933,1.70029137349812,1.0071406105582
1,1,1,1,0.952068021596393,1.19191760664859,1.40384235335189,1.21092635196175
1,1,1,1,1.08688347694773,1.62117512355523,1.72649036685433,1.23809663834921
1,1,1,1,1.07470361688634,2.08504554100405,1.89636241158298,1.14620630476255
0,1,0,1,1.42709100679989,1.71010148621781,2.1736557909046,1.37089781059878
1,1,1,1,1.16776452778108,1.60499673939241,2.01088855826563,1.34787242417009
1,1,1,1,0.973256285150721,1.51974860990954,1.52667911883006,1.28294479049745
1,1,1,1,1.30814755527341,1.6767816657699,2.0480142508554,1.14409005544582
1,1,1,1,1.29314159667846,1.65116544969833,2.06766277480641,1.16610772920254
1,1,1,1,1.13614422433422,1.18450605454726,1.41148262095529,1.21065304440488
1,1,1,1,0.997349829565249,1.49435361313448,1.64482870004955,1.19458381217605
1,1,1,1,1.03829244139196,1.4101450130174,1.54786584517997,1.34244661322314
1,1,1,1,1.24463274871812,1.46390130689635,1.79265917813752,1.31651606289303
1,1,1,1,1.28907535487311,1.50178021885687,1.70905575228931,1.20149436656669
1,1,1,1,1.02244964701058,1.32673284807946,1.41722054144352,1.0099919607931
1,1,1,1,1.00525040902487,1.49554294992979,1.58350971577537,0.987619338218075
1,1,1,1,1.2923364450716,1.6592789120851,1.65694245569427,1.04635029605967
1,1,1,1,1.24425760222544,1.46853421945425,1.71285968589935,1.25477391180995
1,1,1,1,0.985208626395367,1.37441412034057,1.92431053236247,1.27347796451413
1,1,1,1,1.14940078774602,1.34859881300562,1.97086328051966,1.29520193331757
1,1,1,1,1.1888950063844,1.36100279623297,1.76018601004573,1.10787988010648
1,1,1,1,0.970444215245811,1.26017204883456,1.3322827950772,1.05085705145778
1,1,1,1,1.00211468575105,1.35044332730574,1.85039743403744,1.34759004179707
1,1,1,1,1.25260150498339,1.29471008632195,1.75005178206721,1.24777705732595
1,1,1,1,1.06976022702046,1.12070745957799,1.27248319927371,1.08303341055494
1,1,1,1,1.19112931065694,1.72631791682803,2.10475551860066,1.41213721797939
1,1,1,1,1.08067771423126,1.2299350080944,1.47272290670404,1.34455850497936
1,1,1,1,1.07955153891402,1.32526160527379,1.55214410145661,1.19591525017587
1,1,1,1,1.13584659614589,1.45867525947755,1.67324243249192,0.970516238602724
1,1,1,1,1.00619676854444,1.19626703779146,1.36877334607673,1.34110799695755
1,1,1,1,1.15481831014948,1.38647494510041,1.61961741432249,1.10373762962212
1,1,1,1,1.09452748109235,1.21781324320203,1.6522099906583,0.927279887298133
1,1,1,1,1.13863035678578,1.43986505500719,1.49518560720302,1.09663191935129
1,1,1,1,1.04395170942343,1.30654447290418,1.64948583994428,1.08354288199082
1,1,1,1,1.09287318874587,1.49976901829903,1.59009016604246,1.13051318979167
1,1,1,1,1.25962872216679,1.46143903825459,1.72098948896334,1.20531839979778
1,1,1,1,1.25178159284839,1.35270053641864,1.97038219422005,1.17746210775429
1,1,1,1,0.89482868819191,1.26766855983129,1.32711924864613,0.951310784281691
1,1,1,1,0.948566858110734,1.42500984715591,1.44412333667455,1.08794910616003
1,1,1,1,1.12082865518683,1.47961116477282,1.99401889658788,1.23838190513975
1,1,1,1,1.37028611376534,1.45459281321373,1.67676742187838,1.11602904169336
1,1,1,1,1.07417203110887,1.32919305122008,1.70356099879458,1.25506842090536
1,1,1,1,1.18679710859329,1.67041610979878,1.75988419967773,1.23251312027301
1,1,1,1,1.07928574030352,1.94827825823001,1.60250285587479,1.12479232235339
1,1,1,1,1.16101834118428,1.32721462926386,1.48758975166631,1.28447200049692
1,1,1,1,1.09318358026504,1.19769686239066,1.46252625161519,1.06390779788864
1,1,1,1,1.08951457366794,1.45491478158076,1.62462320511355,1.07464782307974
1,1,1,1,1.16799237227056,1.59335184895433,1.79090373379942,1.05787119212831
1,1,1,1,1.29719889990163,1.41016152583057,2.07342219378221,1.32475883206129
1,1,1,1,1.17630677731629,1.51391982784733,1.98560853050523,1.27739826429897
1,1,1,1,0.954270956951112,1.15725997356925,1.41086696374978,1.11490241800295
1,1,1,1,0.987356360796064,1.2827912572329,1.79693382548676,1.28725424684364
1,1,1,1,1.05806311681469,1.43604441010026,1.5018125688693,1.06772582960622
1,1,1,1,0.968724188579169,1.42263072611351,1.49011524852181,1.06476397213281
1,1,1,1,1.16030069483534,1.38466520771742,1.65301042960234,1.08299247158422
1,1,1,1,1.22989621698193,1.3905844768191,1.90413748796624,1.16382358283852
1,1,1,1,1.07997695898588,1.41131843778652,1.49858356882803,0.949317315586055
1,1,1,1,1.02606464009497,1.29557130214046,1.53472222904133,1.15693399475427
1,1,1,1,0.923117962659508,1.10397373964585,1.43912278772688,1.18887283721599
1,1,1,1,1.12082182473125,1.24792360738471,1.59453945259397,1.24354158647958
1,1,1,1,1.00718965096324,1.16337608997177,1.64501432995758,1.14496780176504
1,1,1,1,0.930660421354502,1.18062490753457,1.53770142640224,1.09810911201624
1,1,1,1,1.02142689535556,1.20862898945687,1.50642964064681,1.20794477976909
1,1,1,1,1.13515741637661,1.51969386638613,1.85611467781948,1.20941060210537
1,1,1,1,0.932500479146468,1.1326186598419,1.63617833476017,1.17122391671784
1,1,1,1,0.944576589867763,1.16865313380238,1.51111531455728,1.14581207227411
1,1,1,1,1.00217388430308,1.34548521831056,1.32228965834903,1.22755068334305
1,1,1,1,1.06433433678963,1.1424867887417,1.41892627609653,1.1026781344524
0,1,1,1,1.35901863961502,1.55163656325293,1.65967864256857,1.54691440310156
1,1,1,1,1.10768578156311,1.19937994898618,1.36657641025986,1.18430875203942
1,1,1,1,0.95205021950305,1.54890874403284,1.5191825763625,1.12131883688264
1,1,1,1,1.11038616113828,1.30334423591031,1.48339595102726,1.06485195428088
1,1,1,1,0.938199126491061,1.07745653179507,1.57284012085916,1.10805243195808
0,1,1,1,0.88032998707376,0.982233678480916,1.20612497986858,1.21110376635117
1,1,1,1,1.21274162361753,1.9086983268461,1.9071963680348,1.24657135520488
1,1,1,1,1.04118762844469,1.14021521932338,1.18717161342478,1.10387771122729
1,1,1,1,0.906675619354994,1.09768787701743,1.25817121780155,1.01429087759115
1,1,1,1,1.07604012476738,2.14669965087418,2.30039919305995,1.43050484764692
1,1,1,1,0.934543483065791,1.60549176661121,1.77616046299626,0.980488375227444
1,1,1,1,1.02926438090458,1.2409883294552,1.58535321694431,1.03234722876311
1,1,1,1,0.969664255352411,1.14866134852581,1.47905177180228,0.979363017527999
1,1,1,1,1.46419116643089,2.06578793157868,2.24757828617929,1.31857729908752
1,1,1,1,0.939820978352168,1.14779572569562,1.39029933102425,0.841633804048267
1,1,1,1,1.19286199415037,1.51895981607561,2.05964745193375,1.22548758183516
1,1,1,1,1.01789988035286,1.16163422610279,1.44275268014955,1.10841892859957
1,1,1,1,0.968866872748909,1.11443044021638,1.3228190093245,1.13387869180439
0,0,1,0,1.20635600185273,1.27651808849742,1.65258165806748,1.22601800392411
1,1,1,1,1.05866802832351,1.27464710355891,1.54448768660701,1.11172448939855
1,1,1,1,1.14068750712422,1.43838010166171,1.75242491726433,1.0217230300199
1,1,1,1,1.35320590074008,1.51831579638093,1.62862349938066,1.41878026310121
1,1,1,1,1.22016855857274,1.41117905338537,1.5797928268707,1.26581405770122
1,1,1,1,1.34623811473594,1.75102285391251,1.90816468973614,1.17871647147674
1,1,1,1,1.16039607535344,1.48377993368944,1.65438216083209,1.19690807635899
1,1,1,1,0.886477347359058,1.09914894859263,1.3151235361004,0.981991403056588
1,1,1,1,1.12584354415787,1.46369340031571,2.04382882312274,1.23962993618734
1,1,1,1,1.16323701406304,1.49636405391482,1.7708599250223,1.11273229710752
1,1,1,1,1.10834858610466,1.63375680638456,1.71360207587077,0.988112827757649
1,1,1,1,1.11718633922116,1.52043650590376,1.72862876578167,1.02396094975654
1,1,1,1,1.20365063220239,1.41639502056562,1.95370745684976,1.22584619436141
1,1,1,1,1.03937307709068,1.23497168438964,1.39199489845402,1.05930087922865
1,1,1,1,1.15235931875576,1.40899753277436,1.5420412111059,1.11452785237526
1,1,1,1,1.21124529473235,1.4376483064026,1.79414729089614,1.29919118443736
1,1,1,1,0.992107355163253,1.40671085434911,1.59400392151317,1.04549130450604
1,1,1,1,1.40600843474552,1.60310417351876,1.84397582502789,1.28105322729261
0,1,0,1,1.36603509741945,1.38460071346228,1.61883970482153,1.27431270072618
1,1,1,1,1.08782991263586,1.2286839439322,1.54072091014057,1.26660778768597
1,1,1,1,0.84464263074382,1.01709189283465,1.33886200692398,1.10814031731413
1,1,1,1,1.06281729890632,1.40483642769791,2.02412019626796,1.10808316554397
1,1,1,1,0.871403832987975,1.03738430558892,1.30453893883155,0.993135404382158
1,1,1,1,1.0832636569641,1.14275836210701,1.3288646198921,1.23980887786666
1,1,1,1,1.42682854134172,1.51844115544608,1.84292615695374,1.27809983241316
1,1,1,1,1.17618802309218,1.28280160279592,1.51775972171588,1.34495234489188
1,1,1,1,1.19426703413063,1.46418609048471,2.21717463704744,1.35515328609663
1,1,1,1,1.16217991397346,1.54036981393838,1.59255215591216,1.12497641866967
0,0,1,1,1.09988306229628,1.17231696631007,1.51888552030225,1.20410582546932
1,1,1,1,1.03175799480274,1.17328006006746,1.43590716575636,1.15421699957816
1,1,1,1,0.938922935763697,1.25181880035466,1.42247163400822,1.1903095520869
1,1,1,1,1.19731858395176,1.32787131775422,1.58685171129326,1.28886864258124
1,1,1,1,0.996950380871876,1.25632143151634,1.67221375222705,1.14646463177138
1,1,1,1,1.26340563236313,1.70276235572042,1.7185992096042,1.21985117892586
1,1,1,1,1.06117557129188,1.24205301716207,1.47063561602382,1.27063878577621
1,1,1,1,0.93035835869084,1.25674988779119,1.35587326624521,1.13510157959102
1,1,1,1,1.3093227756007,1.65319051870287,2.08205194373364,1.45749639493215
1,1,1,1,0.920611082038633,1.05407431156837,1.42318426588355,1.1908847476814
1,1,1,1,1.04638979885242,1.09498319421879,1.3241513757478,1.14447687582539
1,1,1,1,1.24239459296911,1.52770653009463,1.72850320945186,1.27779757626035
1,1,1,1,1.04439804935688,1.35139141786035,1.67993676097987,1.20830929842045
1,1,1,1,1.26318890527082,1.35657038434587,1.7801792025243,1.46162292320994
1,1,1,1,0.929409836774425,1.38877306151225,1.36818437619088,0.990335774861762
1,1,1,1,1.01596348845527,1.12365377087697,1.42824171424698,1.02244355746673
1,1,1,1,0.994524020784794,1.34506593581549,1.63618739647496,1.186368219623
1,1,0,1,1.2020705020205,1.77338149655589,1.84736849223977,1.1686695517949
1,1,1,1,1.24907083506209,1.33496814322452,1.61041610493171,1.10322300135375
1,1,1,1,1.25311687528174,1.45248930185359,1.73323302568588,1.19952256419122
1,1,1,1,1.06338396044816,1.13122636934791,1.36062526936647,1.19935472132999
1,1,1,1,1.08620016439228,1.19234538288059,1.33191782742671,1.33882149053056
1,1,1,1,1.25768399255852,1.4013384328889,2.17420214413172,1.13000051900773
1,1,1,1,0.951467345531178,1.24962422677883,1.46099778024727,0.8803056854931
1,1,1,1,1.06633823610859,1.42278082215457,1.60359131768394,1.26832015780547
1,1,1,1,1.31188196595065,1.52041730873632,1.74912156541285,1.19153756328911
1,1,1,1,1.09835985590114,1.31657263362393,1.77091432936358,1.19865099077163
1,1,1,1,1.06405176935948,1.23665433614925,1.40925694037274,1.1857663173283
1,1,1,1,1.1459280110302,1.30444927311233,1.58146769020932,1.17381193134357
1,1,1,1,1.28269241709147,1.5821510031677,1.93342401453236,1.28661064955002
1,1,1,1,1.16225181710002,1.44932840174399,1.75022130384878,1.23890245181923
1,1,1,1,1.10177124888291,1.40175718555977,1.65502453483686,0.951096437589067
1,1,1,1,1.11142835866119,1.2460063019408,1.57927493303498,1.03849344007184
1,1,1,1,0.904650183398358,1.14140685363379,1.17086487690208,1.03234853997661
1,1,1,1,1.12894410147859,1.32273019000096,1.37475647719427,1.28875308049458
1,1,1,1,1.13362090380547,1.41071072366582,1.84063079471929,1.33850065635265
1,1,1,1,0.845530722460802,1.28953818531188,1.44718813522389,0.950813501512953
1,1,1,1,1.01941810035974,1.11316846181962,1.17311179105097,1.15333934489814
1,1,1,1,1.05603106692432,1.32497873668116,1.48585305554245,1.12459455381968
1,1,1,1,1.04292292331643,1.42229561087195,1.53156795148419,1.15245030072751
1,1,1,1,0.987962107761347,1.13797347587547,1.42840784688956,1.07112073170619
1,1,1,1,0.926395167759198,1.17374523864113,1.50192912451107,0.988400783909372
1,1,1,1,1.02171358585463,1.1403374328525,1.4362788754886,1.10633339897024
0,0,0,0,1.18926882479492,1.31091011774105,1.37290586268736,1.23903365512165
1,1,1,1,1.00455623513545,1.3110770719735,1.50167067988438,0.96488295707801
1,1,1,1,1.11271330199181,1.36661871819775,1.860964511776,1.19590984324906
1,1,1,1,0.939514998257986,1.1911655590507,1.29566604912463,0.981252311203008
1,1,1,1,1.03369869718004,1.101993840917,1.3249432571552,1.20219035359988
1,1,1,1,1.01638875727925,1.32872860710318,1.74374848170924,0.960886702516329
1,1,1,1,1.11847291260122,1.27660466833616,1.42347489322354,1.27416071576119
1,1,1,1,1.06010526787463,1.19186787162848,1.47791279061463,1.20204351374089
1,1,1,1,1.02603074891537,1.10829763477501,1.37714397446796,1.00960395028759
1,1,1,1,1.40904783720029,1.62854592476949,1.97373860758847,1.46710995485723
1,1,1,1,1.06514377661348,1.39607196453178,1.60401131283314,1.15886482426877
1,1,1,1,0.837271759469834,0.945099707154009,1.16264990446788,1.06245982373227
1,1,1,1,1.0275528376587,1.32984241200383,1.32293305639806,1.00598753236059
1,1,1,1,0.908017874195515,1.25777986861696,1.60134747338373,1.08694300682971
1,1,1,1,1.40708207694873,1.40792502515946,1.86833235637005,1.23886838304387
1,1,1,1,1.28819352281783,1.79239483764344,2.26948645416451,1.19521338121789
1,1,1,1,1.29088093938899,1.77401717546024,1.75201556364876,1.25463484263741
1,1,1,1,0.834298267999671,1.05752501098555,1.34123678667855,1.03782431501205
1,1,1,1,0.81818957305124,1.19880554719913,1.29409684944741,0.996457947973145
0,0,0,0,1.12051577030834,1.25074963003416,1.60748487137547,1.22206126444986
1,1,1,1,1.3182520383944,1.84160877850596,1.95490839509956,1.42819838302474
1,1,1,1,0.998919559012525,1.40113446646132,1.71334436438029,1.19470005993483
1,1,1,1,1.30095193238625,1.43932296149438,1.65604799206732,1.20520032725753
1,1,1,1,1.02232497408776,1.29783085447502,1.31736281658287,1.07598973780925
0,1,1,1,1.18645509683205,1.38026778694348,1.61711265072368,1.25769565834208
1,1,1,1,1.050501313623,1.14192617416145,1.32377299848187,1.25878701854034
1,1,1,1,1.0840223332063,1.3381277464262,1.87421274133112,1.13118481267433
1,1,1,1,1.21450087986982,1.75544630659205,2.11517047016257,1.25036518971295
1,1,1,1,0.906628892200611,1.31419586423668,1.47840140374264,0.801618796906759
1,1,1,1,0.991204572215528,1.26322108841249,1.74130440912155,1.02995242156132
1,1,1,1,1.01345390990011,1.53064102907762,1.82107765415811,1.0448043116513
1,1,1,1,1.19193139871126,1.48786371583285,1.66139918378183,1.10337658180544
1,1,1,1,0.897957426722299,1.33726172593446,1.58344892158934,1.3534558936353
1,1,1,1,1.07378917877129,1.26905346552742,1.40966494479154,1.28979699481486
1,1,1,1,1.03642587425122,1.30352891244997,1.70364488252646,1.07029338653825
1,1,1,1,1.1498142910607,1.57486280513484,1.62373302060964,1.05639664542803
1,1,1,1,1.2648426257301,1.44948344464798,1.70060479673875,1.33951755055789
1,1,1,1,1.32149009531371,1.67935295019661,1.98118493612425,1.38123942987425
1,1,1,1,0.834569053360138,1.07782352009501,1.15351479144933,1.09758125498761
1,1,1,1,1.28393382699062,1.46407352722753,1.74414144503479,1.24883226686285
1,1,1,1,1.17078730874593,1.52000288676139,2.12029128520074,1.03714076663905
1,1,1,1,1.35852166099087,1.4078487699968,1.72955978088922,1.23313110518444
1,1,1,1,0.93938533700321,1.33062451044881,1.39955205709185,1.29672238730283
1,1,1,1,1.0151467557025,1.23857653889229,1.34894875023276,1.18662898646951
1,1,1,1,1.04056446772215,1.10346348531373,1.20541690939564,1.1871903846702
1,1,1,1,1.14266875500126,1.40035815519701,1.477000409314,1.26739137341019
1,1,1,1,0.931362207377845,1.22167101027083,1.51610830022867,1.17253298179375
1,1,1,1,1.28793370619876,1.44566340751911,1.82109840432054,1.3138105586668
1,1,1,1,1.00615209553252,1.35903369044648,1.63180147649749,1.25327113255244
1,1,1,1,1.38007069904789,1.54939868985305,1.87442102841067,1.20981713387768
1,1,1,1,1.10524743223903,1.25898104702059,1.44037341012953,1.13756439081891
1,1,1,1,1.01183018652753,1.22924340485502,1.46963322470841,0.869645412578293
1,1,1,1,1.06838127987648,1.20209349645559,1.52050561123025,1.19709769540301
1,1,1,1,0.934363157656921,1.25930119889561,1.38303490200524,1.09702100115297
0,1,1,0,1.1325144199084,1.61392735574297,1.80764684729833,1.23258384770242
1,1,1,1,1.17826955987599,1.40094639448046,1.77143788663894,1.2503847729944
1,1,1,1,1.17067392534621,1.34378271790193,1.94881424126179,1.22829704903868
1,1,1,1,0.89076162566019,1.13692381568681,1.36950304300638,0.989457449151015
1,1,1,1,1.12740501399845,1.3868082888767,1.67635714099596,1.2748187374318
1,1,1,1,0.963380779848087,1.28898490326903,1.38932834503385,1.04026263306672
1,1,1,1,1.06707876601541,1.45302341406646,1.84680513303343,1.25254133380889
1,1,1,1,1.08539177231181,1.55812472511147,1.7695512888838,1.14731310259937
1,1,1,1,0.959187012942236,1.0566478486476,1.42703112787649,0.989066055077841
1,1,1,1,1.07957096014144,1.17492513903527,1.43456694322756,0.933511022100018
1,1,1,1,1.28105903923044,1.70004606255251,1.74808797510676,1.18820899599974
1,1,1,1,1.14163258531717,1.34478248401303,1.71421682221447,1.22622249877173
1,1,1,1,1.11465492057693,1.52940156845013,1.9162249146907,1.30115628682438
1,1,1,1,1.2049891460258,1.35893638554723,1.86620956009532,1.17907669130896
1,1,1,1,1.15065576281474,1.4860251237029,1.54528677062112,1.18500494848103
1,1,1,1,1.25771683163176,1.44690619136898,1.63607272745719,1.13264047221558
1,1,1,1,1.12672086708533,1.36878805845259,1.83870789267809,1.24444722732473
1,1,1,1,1.23849611407154,1.35316631912693,1.50888142646333,1.27592076601451
1,1,1,1,1.055269882228,1.20068769766827,1.5545293388506,1.0435435102851
1,1,1,1,0.869254193348673,1.14110352020926,1.41504387374437,1.08975178001097
1,1,1,1,1.10280446291861,1.30055295758116,1.64929681929079,1.40372762653404
1,1,1,1,1.0290611817316,1.12073386793057,1.24667009761111,1.04006349821997
1,1,1,1,1.0792315717568,1.43530778261515,1.57359553597032,1.14010369458459
1,1,1,1,0.988828647304878,1.3669749863944,1.64885238419549,1.09476879107874
1,1,1,1,1.14599984164166,1.49770790545011,1.62099939440906,0.919133752358368
1,1,1,1,1.20204676113422,1.36810761838103,2.03937489792827,1.43384580103372
1,1,1,1,1.21292166091315,1.52913609897922,1.53041446345249,1.12498185214122
1,1,1,1,1.00496802657463,1.34929840901737,1.92422857253056,1.31382505073514
1,1,1,1,0.980060151158083,1.16629552068295,1.65221451813631,1.16919539255286
1,1,1,1,1.11011836886046,1.23367410075037,1.50165509968029,1.02199413697495
1,1,1,1,0.747474344143894,0.871108895976046,1.14232221858468,1.2605416265702
1,1,1,1,1.1035094265574,1.37622619959217,1.69152028646924,1.01733066278128
1,1,1,1,1.35077249649189,1.75541892493761,1.83527928493338,1.30147560773776
1,1,1,1,1.13443162701964,1.45148747628524,1.86920419368248,1.43248441354404
1,1,1,1,1.04628882823022,1.36617485586651,1.57681866345206,1.16851049556616
1,1,1,1,1.1324787451944,1.42779517523329,1.9662492594691,1.30006284073362
0,1,1,0,0.910211917076602,1.15341589421954,1.26808223459204,1.05394324146476
1,1,1,1,1.12674949876464,1.27930475896301,1.3886624225854,1.05333901400968
1,1,1,1,1.42285733231599,1.85310946395176,2.35531823519238,1.49722504686091
1,1,1,1,1.03355185571861,1.57688059754935,1.95307361340679,1.12411438278807
1,1,1,1,1.09391140532776,1.26962762138444,1.41990642613259,1.12488849332539
1,1,1,1,1.12317713260746,1.24993786361695,1.56863254234104,1.12395622919205
1,1,1,1,0.965511856867605,1.33468866933881,1.63609568727981,1.10324833223772
1,1,1,1,0.962038867196731,1.33541365272651,1.53336220152371,1.26703924925938
1,1,1,1,1.19860554436785,1.36659763214754,1.53782712678057,1.3384837638432
1,1,1,1,1.33003636817287,1.45537145019955,1.99126876656885,1.3660840826287
0,1,0,1,1.00174889356992,1.12357841256889,1.31538967459355,1.23068141847739
1,1,1,1,1.13576068062594,1.22184947565067,1.80411588356915,1.2339642841157
1,1,1,1,1.04004884644726,1.33880717708848,1.50953189835856,1.33061754292495
1,1,1,1,0.901436211251455,1.21830079039451,1.57865596800394,1.28432626563135
1,1,1,1,0.99569247024575,1.16960658052194,1.35492735857074,1.18269652006814
1,1,1,1,1.09010260832622,1.39659670741174,1.75601387696202,0.992927028317475
1,1,1,1,1.18783748334558,1.56930453736189,1.70050528729036,1.19022892181969
1,1,1,1,1.06848159144754,1.46440315518204,1.57329120541329,1.15775343154546
1,1,1,1,1.00424978398034,1.25399179693152,1.53364456333547,1.13628114339694
1,1,1,1,1.20889670765708,1.28594283568969,1.62472630787472,1.27739121990294
1,1,1,1,1.09667562937821,1.38278442117495,1.69544491002269,1.31258700651212
1,1,1,1,1.20049616021105,1.55712647471291,1.92846777129479,1.27034386230191
1,1,1,1,0.998305372688785,1.51741345019198,1.70797361063739,1.50513235290612
1,1,1,1,1.08946124038742,1.44438398607428,1.61842647692437,1.16659560700995
1,1,1,1,1.12948866981934,1.27891323734428,1.30998225518413,1.18325481901067
1,1,1,1,1.22578851681301,1.60024048631158,1.76874569588377,1.34379370495417
1,1,1,1,0.814417230467394,0.948748350923141,1.15476268185519,1.14854984670078
1,1,1,1,1.25340147031929,1.43072965405899,1.71632948507581,1.12153280928306
1,1,1,1,0.999682408903575,1.47601976774213,1.78897792428999,1.08318804185582
1,1,1,1,0.971892737021668,1.54561382319934,1.71991583496736,1.00241132557164
1,1,1,1,1.28198770525545,1.86735917227075,1.90668379019194,1.16351258830225
1,1,1,1,0.885199170015566,1.4710378171331,1.45105800967785,0.885957889921611
1,1,1,1,0.94316518821257,1.40287423261797,1.48239521656104,1.10124015960266
1,1,1,1,1.08008653894433,1.67461859820972,1.71899763565379,1.33837349354745
1,1,0,1,1.03460223624451,1.14157487264631,1.23491125797616,1.11305007888237
1,1,1,1,1.23653994511836,1.40095342365438,1.66212761096335,1.27299795940295
1,1,1,1,1.03470686989238,1.14039808912349,1.4350187919919,1.01243475531395
1,1,1,1,0.863282890610983,1.2434035365145,1.37370333423448,1.0013788214962
1,1,1,1,1.17313200156807,1.51381850864449,1.62359053847291,1.23275282698394
1,1,1,1,1.13529863332502,1.62275949258957,1.71331109659383,1.2819051774807
1,1,1,1,1.11633604835479,1.17960964408997,1.44189569257171,1.05795014285192
1,1,1,1,1.00597032114186,1.20875970656185,1.39909685998656,1.15152357312527
1,1,1,1,1.12906688899412,1.46819914618237,1.74658866384797,1.16947871342116
1,1,1,1,1.00067938557598,1.46537118458646,1.66662824573859,1.12341754684703
1,1,1,1,0.998232362545302,1.12816831834541,1.33256643889988,1.22806800043935
1,1,1,1,1.23105311150308,1.32226632617246,1.42447755145035,1.36890746450567
1,1,1,1,0.75755500797795,0.918475614248267,1.11859392326912,1.05775758827084
1,1,1,1,1.03658420443734,1.29120500745306,1.70056465857227,1.30518046994471
1,1,1,1,1.15849763744376,1.2856973736606,1.82447835336137,1.19576610059991
1,1,1,1,0.988881621068437,1.26603953001088,1.53159927032831,1.21909897791323
1,1,1,1,1.49773725993162,1.97119882223161,2.13029491068037,1.40858463961285
1,1,1,1,1.07419982056463,1.26344687899103,1.38246957860965,1.34309857212974
1,1,1,1,1.39520569572123,1.48917298817516,2.11284207423777,1.35404492797065
1,1,1,1,1.33961271389897,1.43951334592337,1.60869142097806,1.14198773154138
1,1,1,1,1.0752214891298,1.38154413428858,1.81707335432219,0.965487862024389
1,1,1,1,1.14867831943328,1.13459020347798,1.45688464659672,1.21058520776338
1,1,1,1,1.19475510638819,1.29192787278306,1.60856131460572,0.968904997581764
0,1,1,0,1.28370790917771,1.49642271307251,1.73093625463885,1.17688321160714
1,1,1,1,1.20125251908677,1.39791285303946,1.38283044580587,1.23579587563864
1,1,1,1,0.893233801842622,1.08185157925521,1.38638177202102,1.18722094675352
1,1,1,1,1.14707899423828,2.05481457347351,1.99642152598865,1.45414422485798
1,1,1,1,1.05245778723382,1.19447903967578,1.54468624013098,1.09042123040547
1,1,1,1,1.03225016856961,1.24990241785856,1.40921758822799,1.14402263402489
1,1,1,1,1.13119240812027,1.44769251914019,1.65640337923714,1.10087537470056
1,1,1,1,1.23747849947685,1.45064715001457,1.63046278846629,1.18165752809706
1,1,1,1,1.19471851174949,1.38030293970706,1.40396144685923,1.18799350771319
1,1,1,1,0.909396457278955,1.05516264665328,1.23735586456297,1.03744023912193
1,1,1,1,1.06607691631505,1.17302331363127,1.52935940994432,1.15868267695697
1,1,1,1,1.08285172171722,1.55719760011083,1.97894149918671,1.26457303573906
1,1,1,1,1.14250836288938,1.70463341115886,1.68841205231093,1.32342418930953
1,1,1,1,0.899372489768923,1.12616225658021,1.41237049222361,1.04095826724297
1,1,1,1,1.10648667005057,1.53339289570761,1.695172397967,1.09135099762723
1,1,1,1,1.20966203547392,1.34507544545521,1.4488920095092,1.48061335935377
1,1,1,1,1.08271027631628,1.37004131281097,1.51811452272357,1.07363262989556
1,1,1,1,0.942729809757816,1.44991613869705,1.44121394028177,0.980459695905759
1,1,1,1,1.38241891010404,1.72438233034432,1.72242666681664,1.22656006008051
1,1,1,1,1.08109810841032,1.27860485552713,1.53103651108924,1.07044092574111
1,1,1,1,1.15275110017221,1.35066748600241,1.46098420190644,1.24392862450539
1,1,1,1,0.941410684332141,1.08443640387497,1.30031271320568,0.922825673925608
1,1,1,1,1.18486995332761,1.52588865950781,1.6911965875337,1.2400885989002
1,1,1,1,1.27224044570661,1.64739945927452,1.76448365521185,1.2273222699547
1,1,1,1,1.25870124168503,1.62369585263249,1.65328035076785,1.25748333256257
1,1,1,1,1.22423562498524,1.40300151360582,1.93503263151081,1.0310543873112
1,1,1,1,1.05612613414207,1.12881096339498,1.31220804960492,1.06408499535955
1,1,1,1,1.19049613351676,1.53327048153102,1.62973856792453,1.1829082061887
1,1,1,1,1.0643179690474,1.21046084600177,1.42887813055403,1.1976088791523
1,1,1,1,1.25664896114277,1.47255301098642,1.33615185797594,1.06589479611422
1,1,1,1,1.10129368713906,1.47426347901216,1.48384713521484,1.13813366100219
1,1,1,1,1.10753135256605,1.33225319295703,1.57494895385917,1.25159043631498
1,1,1,1,0.933672991913231,1.2442565130502,1.38865961243177,1.08645541297166
1,1,1,1,1.00299049720011,1.22380988219899,1.49898626468478,1.20696973033095
1,1,1,1,1.04506762996984,1.37012941441676,1.54288890334251,1.33181929002847
1,1,1,1,0.97528730388161,1.41790882817043,1.70911792101375,1.43933328262497
1,1,1,1,1.01758696571837,1.26899047563888,1.56640199735438,1.05570768957885
1,1,1,1,0.960870130207673,1.20033920275119,1.77771304913452,1.47617994733211
1,1,1,1,1.04756476380525,1.21701583193856,1.80560900284356,1.14317069797105
1,1,1,1,1.22705941322973,1.62281221639697,2.23419503550682,1.42040708995219
1,1,1,1,1.21958521107768,1.49633243349106,1.84207189363662,1.27963222115394
0,1,0,1,1.39235938001801,1.56024462846427,1.71608627505637,1.2520704587956
1,1,1,1,1.00142368676697,1.19754057470396,1.40883479521165,1.03959118915852
1,1,1,1,0.99278883628864,1.11066229912613,1.40951855955043,1.04948486794475
1,1,1,1,1.2768184202597,2.42995038105301,2.58657481015028,1.45527105795229
1,1,1,1,1.22446630896657,1.30697449653597,1.61604527882138,1.15237612955924
1,1,1,1,1.16869165794806,1.29961319872305,1.77932887128726,1.32483488232309
1,1,1,1,1.07725608105769,1.23015860848171,1.57884788882659,1.15658392351339
1,1,0,1,1.28182849924371,1.71471407953836,1.71213330633594,1.11100595675498
1,1,1,1,0.933642067832875,1.25088421499257,1.47566926950622,1.10390574222119
1,1,1,1,1.05090187407214,1.58036278374731,1.70104083671441,1.2218654985508
1,1,0,1,1.12490219621606,1.43104525502359,1.62240691667773,0.981610637929652
1,1,1,1,1.21767405432763,1.68213815350211,2.0090192307354,1.09209569070374
1,1,1,1,1.00805286064217,1.26838041037065,1.33219403727588,1.04981646800671
1,1,1,1,1.03302179321479,1.36918842501381,1.55175100643411,1.08115779074216
1,1,1,1,1.01426786576514,1.3481049925791,1.69511472924787,1.19092314213391
1,1,1,1,0.995323569615751,1.48676323433776,1.89393205823388,1.05905273738031
1,1,1,1,1.29316089337983,1.57244157548568,1.65899451688757,1.24469753579364
1,1,1,1,1.03698154972903,1.33193840026725,1.48976952303267,1.04408447804254
0,1,0,1,1.06258076718603,1.2660562577368,1.62091890190379,1.30422706419391
1,1,1,1,1.12314583850309,1.47967421809103,1.87194064120746,1.47652723983037
1,1,1,1,1.19073456453014,1.28178003761194,1.75241052033235,1.29751461737616
1,1,1,1,1.11369952709778,1.66928286632791,1.79087405294482,1.25636990152922
1,1,1,1,0.950043490805717,1.28801373883121,1.47399368383481,1.18604902782801
1,1,1,1,1.22252678711875,1.5348600379522,1.69845668849556,1.33492541550581
1,1,1,1,0.978041430672876,1.3274894813286,1.6139183969082,1.18093282869305
1,1,1,1,1.23018824845846,1.33737845378274,1.70231352854385,1.12592682556453
1,1,1,1,1.08953111269226,1.34670168573478,1.68688709259483,1.24452197105621
1,1,1,1,1.04546579816418,1.40318930765588,1.50267545259786,1.23979199639043
1,1,1,1,1.00489956308923,1.29604320636516,1.70607460397477,1.286710416217
1,1,1,1,1.30921997378481,1.60559402130078,1.78520849855311,1.40427920934139
1,1,1,1,1.21396321348408,1.83374861273989,2.07685068587088,1.20349619718672
1,1,1,1,0.989664458778621,1.19948076217697,1.48714253145733,1.305409094735
1,1,1,1,1.18819314988644,1.57690243070916,2.07375404389791,1.15261042603504
1,1,1,1,1.26526449650579,1.30066200630879,1.65246805763447,1.04080179255147
1,1,1,1,1.07803137020562,1.2986034335728,1.46351354629869,0.862728994452561
1,1,1,1,0.926507547512189,1.20777663469064,1.4349051542645,1.1588312532104
1,1,1,1,1.17741555454948,1.25517977506549,1.31957642883741,1.29345577913961
1,1,1,1,1.15409420975687,1.28257750707411,1.6526416855124,1.25402943087971
1,1,1,1,1.04972372041694,1.36738419650411,1.57089728636346,1.20045217804691
1,1,1,1,0.954711304830365,1.226406120579,1.49956833029748,1.16284985448534
1,1,1,1,0.968599380184874,1.40137615700752,1.51982915348418,0.997224905008606
1,1,1,1,1.11386801120391,1.23667157163975,1.5067676128163,1.21896383630004
1,1,1,1,0.925150134955231,1.16163027890669,1.35216487464316,0.848121236186417
1,1,1,1,1.19802977088308,1.38859651769057,1.66658522541399,1.21950172065435
1,1,1,1,1.10556037129323,1.43490706725351,1.57175658591371,1.15243511044654
1,1,1,1,0.960610983440298,1.16915909821998,1.39752326381904,1.19457577538688
1,1,1,1,1.08142200729238,1.18709994380015,1.45477325297523,1.17133041759916
1,1,1,1,1.1598195779901,1.23811327685824,1.46434074489775,1.27624042554528
1,1,1,1,1.17375187895629,1.26609527147862,1.6056449314192,1.07724042204836
1,1,1,1,0.929827617115749,1.15643539668865,1.62701427653742,1.20987248382047
1,1,1,1,1.04120826896427,1.8219633243635,1.83901015755822,1.17434745557086
1,1,1,1,1.05176884631514,1.46325565137237,1.69105458908888,1.22168267754768
1,1,1,1,1.0060006795815,1.10205930328493,1.31087630887017,1.14092006467735
1,1,1,1,1.2024282788869,1.50519784899123,1.82625068623988,1.39206771229262
1,1,1,1,1.3413713518369,1.56503119462757,1.68336061525446,1.06820914193255
1,1,1,1,1.16894323550551,1.40395634832845,1.30012680179352,1.19230584928826
1,1,1,0,1.04882465232017,1.19519167429615,1.3772212499232,0.94772764289808
1,1,1,1,1.11157960900716,1.37016843360849,1.68856052342593,1.07442183900763
1,1,1,1,1.1263727721337,1.21735974805388,1.43393889961142,1.02708792384934
1,1,1,1,0.98442896116628,1.37962712686184,1.58352769249388,1.13108292712302
0,0,0,1,1.10420425353833,1.56339912618047,1.65490305676375,1.2679385780777
1,1,1,1,1.02863891651102,1.2153386050694,1.38391231631903,1.05663081167764
1,1,1,1,1.16318705208935,2.10172438896625,2.11976309326892,1.39766710213742
1,1,1,1,1.10990128705402,1.37432655737312,1.46345633129025,1.30674625722665
1,1,1,1,0.983232122468797,1.1345908327901,1.4392604359392,1.1259853036966
1,1,1,1,1.17233160721612,1.25822693923549,1.75564103676357,1.34197987530594
1,1,1,1,1.04530105052914,1.17119058418032,1.38556359341834,1.25480601019163
1,1,1,1,1.10534036602968,1.50351680629641,1.81277075280308,1.12128759393624
1,1,1,1,1.12432555775739,1.35241020445906,1.51635456896861,1.10361450453144
1,1,1,1,1.17322712488874,1.30253080876968,1.35510800827072,1.17264144333218
1,1,1,1,0.937584404619329,1.36056093905567,1.41862434314251,1.13491577966371
1,1,1,1,1.07218875162444,1.40545364873191,1.64525446009523,1.29803836480758
1,1,1,1,1.21301535512644,1.29805526736188,1.60185812518389,1.0923668381811
1,1,1,1,1.14104603174875,1.6082617140595,1.91182688534644,1.39528516853216
1,1,1,1,1.00398485654391,1.54335321284766,1.61757521749988,1.16560913714077
1,1,1,1,1.32614801155935,1.64976824078139,1.97307782793525,1.17881547070717
1,1,1,1,1.08185422527042,1.46137917677682,1.66001719704598,1.24995152898525
1,1,1,1,1.13337996823051,1.26540014051271,1.50721030141887,1.29022685264008
1,1,1,1,1.21079583803487,1.37283608253165,1.70374279468654,1.26167721820309
0,1,0,1,1.20081449141877,1.41049715527267,1.52191419451149,1.15291426396482
1,1,1,1,1.24760284449396,1.31696259406937,1.64886913051288,1.17315564849802
1,1,1,1,1.17859615249305,1.94880928920033,2.21891957704597,1.0483182110465
1,1,1,1,1.09690508537541,1.2506116495403,1.504213053315,1.32744598499437
1,1,1,1,0.877259215687742,0.975314151997502,1.20404694593479,0.978947072920703
1,1,1,1,1.15947787850183,1.46773971239588,1.54401452229705,1.20527088093549
1,1,1,1,1.11846096122772,1.24285047459825,1.27229519273443,1.20335850728596
1,1,1,1,1.18309886332473,1.31486375692644,1.65221954750865,1.43823838498405
1,1,1,1,1.15566402906827,1.39836891494976,1.77305285374287,1.27902075001877
1,1,1,1,0.945402136775262,1.32053238945745,1.54339740824319,0.952883177959797
1,1,1,1,1.07967103405435,1.31044782307209,1.33963598942628,1.06339948677955
1,1,1,1,1.09855714270295,1.19454888468222,1.55927513141883,1.23065789469737
1,1,1,1,0.979104517175331,1.15367651967989,1.66014139183171,1.15730226688296
1,1,1,1,1.35452085602577,1.82496888157665,1.96106254257111,1.37821130816695
1,1,1,1,1.12274557084932,1.30122700352956,1.71831489623906,1.16135337848083
1,1,1,1,1.04941946845009,1.33799154381045,1.44741058407941,1.10966628599149
1,1,1,1,1.08253598127933,1.2678191504292,1.48861307215762,1.18796149781162
1,1,1,1,0.987447616823711,1.17487916634622,1.20958000037319,1.12632856128548
1,1,1,1,1.03387615520274,1.24657230529734,1.24888136788762,0.983552005700706
1,1,1,1,1.14305111719205,1.40417848805329,1.53503996699806,1.23354019440817
1,1,1,1,1.02691160581536,1.37466120635969,1.69845656037945,1.04997263221457
0,0,0,0,1.1135935856534,1.32700365057441,1.57517828516092,1.09735868241415
1,1,1,1,0.979847860455926,1.23066163340067,1.75841098688996,1.20897379392666
1,1,1,1,1.16989749539621,1.33510972969497,1.41269595791811,1.25527294846395
1,1,1,1,1.10254588357187,1.40981259696489,1.38915572949219,1.0069914580342
1,1,1,1,1.21992506738947,1.60290408099886,1.63791765052593,1.15332961084569
1,1,1,1,0.939415267546482,1.47959072821544,1.47326742631731,1.01361193049516
1,1,1,1,1.01314479600844,1.45826805376181,1.47358882554914,1.13959975909377
1,1,1,1,1.14672863987553,1.45826187381938,1.44275395814189,1.13376960177421
1,1,1,1,1.03422840268941,1.36511500278436,1.80724526767109,1.12210448193863
1,1,1,1,0.923669916128883,1.17042766839169,1.40706774606615,1.33978164090952
1,1,1,1,0.944766880380092,1.28232963007661,1.10010464353455,1.03984928246504
1,1,1,1,1.09790901953972,1.72713232487169,2.01731018270129,1.46556426735082
1,1,1,1,1.28517358718226,1.58563095179795,1.68614165869525,1.27265256144806
1,1,1,1,1.11790820829885,1.38219347417153,1.61042395213407,1.19133355458514
1,1,1,1,1.0484599552071,1.39815492533512,1.47168476228414,1.17608956550332
1,1,1,1,1.08335661789212,1.18868172057173,1.61069075686578,1.30434510442818
1,1,1,1,0.975131102414603,1.10674872000187,1.40338570539789,0.983285613264839
1,1,1,1,1.2299886958404,1.44118424600294,1.78981857476911,1.12876323546237
1,1,1,1,1.36026489394369,1.43815725706716,1.86169255050061,1.32451374662614
1,1,1,1,0.916782587100013,1.33999236278685,1.55999560343731,0.976474516264659
1,1,1,1,1.33686896157064,1.43878182259579,1.67703104330429,1.24769685600373
0,1,0,1,1.07151426558545,1.33582941369625,1.53615966741308,1.22647732893973
1,1,1,1,1.53019007208806,1.84083644185233,2.07755451333743,1.22584477189478
1,1,1,1,0.933483454962171,1.23868635334285,1.37197272131217,1.06123788876103
1,1,1,1,1.06966612946758,1.28101376157156,1.51117457986451,1.01061028452631
1,1,1,1,1.06372619420287,1.41662807011624,1.59138625426992,1.08410015917018
1,1,1,1,1.00091342956287,1.14751252853297,1.32338880674967,0.995267574813777
1,1,1,1,0.976915462692479,1.21446875871455,1.48081047400702,0.981487531439774
1,1,1,1,0.975126983156374,1.31157825056294,1.674178024246,1.10135696611756
1,1,1,1,0.93462882979097,1.33893954495391,1.4628141952659,1.08884079431935
1,1,1,1,1.04649801230264,1.21176256323251,1.43291238886113,1.09759342882606
1,1,1,1,1.52630667299998,1.81372123872656,2.17882339170213,1.4110986030606
1,1,1,1,1.08929400934981,1.40100735096274,1.69021336248409,0.949697313252561
0,0,0,1,1.08472387326664,1.28852784777297,1.41716624840745,1.15664783822389
1,1,1,1,1.10749284881736,1.44806924920791,1.51638908555718,1.12707571834241
1,1,1,1,1.04366782081559,1.36087012165022,1.49700820374136,1.26265946968259
1,1,1,1,1.09613126680192,1.19565864044386,1.46609169520022,1.11958097498364
1,1,1,1,0.931737307157989,1.24436248120044,1.60953289270153,1.2797366890257
1,1,1,1,1.02022505769433,1.27665866207112,1.51761912671761,1.08050524721638
1,1,1,1,1.01366426060138,1.34161490877737,1.42005644083214,1.21093068072981
1,1,1,1,1.17647029361548,1.30534711411018,1.66077263119457,1.25004033486909
1,1,1,1,1.04999189130807,1.29096360148155,1.41772750716031,0.987612697869965
1,1,1,1,1.07599643953281,1.23671350693505,1.29541574890271,1.19779179123391
1,1,1,1,1.01177283781262,1.38904548614519,1.71289910218173,1.07308148316462
1,1,1,1,0.923042187892148,1.05295514145244,1.21059078075623,1.08671537927607
1,1,1,1,0.919082055959606,1.29324544997889,1.36830445157778,1.15601078954934
1,1,1,1,1.218049590975,1.36843534076917,1.76158927854571,1.21433412665406
1,1,1,1,1.07467901367617,1.21046203762409,1.25181179846354,1.33454698960566
1,1,1,1,1.01826958288525,1.38257587440914,2.05200998731169,1.09513730375119
1,1,1,1,1.56286754965058,1.95328499582206,2.00757986154968,1.34083882959561
1,1,1,1,1.17091170180985,1.24100739869891,1.39803500157402,1.13777142030263
1,1,1,1,1.36806025760063,1.47734767044285,1.96887635002035,1.29114268641873
1,1,1,1,0.946836171070177,1.27266461373381,1.39739085802973,1.14341642313693
1,1,1,1,1.34888558486263,1.59427586654902,1.66961309873471,1.18813682351801
1,1,1,1,1.01382577948859,1.36880235048045,1.56831907290725,1.13777241114867
1,1,1,1,1.00490024614456,1.09297228407074,1.36214078999918,1.05246211199601
1,1,1,1,1.10306238654214,1.49747499236202,1.54561213807369,1.13119332799274
1,1,1,1,0.964228321017593,1.37887509554147,1.54657209918151,0.970129514875068
1,1,1,1,0.898183694793237,1.30485486529111,1.56817819965931,1.09740319508919
1,1,1,1,0.997309959537556,1.13115928431246,1.26918631204566,1.13781678299563
0,1,1,0,1.10678025368898,1.96334901593355,2.00548481325001,1.14786446475018
1,1,1,1,1.15842264952321,1.59543551376178,1.76816655514907,1.32593364531157
1,1,1,1,0.959857654899454,1.35312537874226,1.5018655937311,1.41181188877661
0,1,1,0,1.09388420276483,1.24648321463298,1.50679396819083,1.23314791842254
1,1,1,1,0.895300165739844,1.09097587160326,1.41782343602119,1.18398418403703
1,1,1,1,1.02993871922811,1.32933588883822,1.3853545767409,1.24986537048017
1,1,1,1,1.01535386569911,1.47362655365766,1.75897475569343,1.21825735470692
1,1,1,1,1.13838544266841,1.28183838068066,1.45456051140763,1.16932711727219
0,0,0,0,1.31543303155722,1.40366358108487,1.63493352218455,1.26298002039295
1,1,1,1,1.08154976030301,1.54644013460866,1.97306006001607,1.04353971719828
1,1,1,1,1.03138723749251,1.86012311313449,2.01779304459988,1.03310100794455
1,1,1,1,0.948845193588447,1.25937796436055,1.50373800416417,1.0619699634538
1,1,1,1,1.02279531564267,1.10103304234723,1.43724123076242,1.34341413170716
1,1,1,1,1.46347179663041,1.80510113509472,2.11606208246794,1.23260223795761
1,1,1,1,1.27592419971782,1.48082716997878,1.64997517156791,1.32923229955118
1,1,1,1,0.970668034095033,1.13259129532636,1.5287769997424,1.20229043602089
1,1,1,1,0.991344346823874,1.37725079525076,1.54023154296368,0.978268268568465
1,1,1,1,1.01661956655292,1.2203956452163,1.4627842901189,1.06814457336199
1,1,1,1,0.901432919094237,1.20058971336814,1.42838385265451,0.953847142992246
1,1,1,1,0.980674572710265,1.38849410133964,1.62963833862036,1.4204588423587
0,1,1,1,0.996754683937895,1.16433060690697,1.49547981648477,1.20310376944981
1,1,1,1,1.38041312519636,1.45203787408446,1.98329091582912,1.42286863252232
1,1,1,1,1.21130485395905,1.42844176794342,1.40317155769829,1.24642796032316
1,1,1,1,1.00346568191191,1.23491050746333,1.47460102192036,1.13735640172174
1,1,1,1,1.01956337381363,1.35597055439497,1.58202355721515,1.07693424594675
1,1,1,1,1.31480465476994,1.51994761101925,1.81455737971702,1.20099255522848
1,1,1,1,1.32307016504357,1.47626118786258,1.63396061200642,1.47410486147949
1,1,1,1,0.965278391669912,1.39165004122726,1.67675522277317,1.2330537438925
1,1,1,1,1.02698141983022,1.28794518820909,1.6238492295879,0.998015055739896
1,1,1,1,1.24891871823818,1.55095628768141,1.60474542046523,1.13586901372914
1,1,1,1,1.18859342121988,1.35832697004175,1.38855767619512,1.38545671695865
1,1,1,1,1.05282856338469,1.29760508372844,1.4310062046426,1.1910719429826
1,1,1,1,1.0702319518624,1.52378131264705,1.73885725772589,1.24794817628773
1,1,1,1,1.09771740670981,1.19620859271616,1.52382081901966,1.29403970738371
1,1,1,1,1.0111716425305,1.47035522736846,1.72419269086826,0.968352137422124
1,1,1,1,0.89185046451384,1.12353759796571,1.62372759641891,1.07337698963182
1,1,1,1,1.118648609676,1.61806336103987,2.06490208568208,1.04303051630887
1,1,1,1,0.87906975690761,1.19888819971428,1.37317963971288,0.904190101357705
1,1,1,1,1.1743068046474,1.21477517189687,1.42090295987094,1.23100848568776
1,1,1,1,1.22607456330426,1.67241864712161,1.69077682960671,1.12638348119032
1,1,1,1,0.979051046907904,1.24179251417729,1.47615675244909,1.29705883930136
1,1,1,1,1.02666539417713,1.37444600629044,1.46864670473037,1.05923246950068
1,1,1,1,1.19312686353348,1.36340810444392,1.47653550479286,1.34436298397978
1,1,1,1,1.18437101174746,1.41212487651877,1.75943922662797,0.973681527504843
1,1,1,1,1.01202511852126,1.33104466092242,1.56646638526824,1.15543782634012
1,1,1,1,1.38435893322469,1.59923226392354,1.87004722544383,1.24677530021997
1,1,1,1,0.98461891022048,1.21145323073652,1.44233487905549,0.998642833301055
1,1,1,1,1.01601529097759,1.20304078604451,1.56417481171635,1.17467270948827
1,1,1,1,1.13988066636437,1.28509522716827,1.50533490891408,1.1234527290899
1,1,1,1,1.15480650712012,1.40399057821313,1.28607754438272,1.20468014329757
1,1,1,1,1.13807281489839,1.72153311820232,1.80920629414977,1.06065226004863
0,0,0,1,1.036979402328,1.19593547330149,1.50226496193534,1.51722158583553
1,1,1,1,1.06517950473775,1.41147817409126,1.64233561205153,1.25859090060883
1,1,1,1,1.03218574692738,1.54240471089799,1.77878872007411,1.17403046458002
1,1,1,1,1.34134044707697,1.72303835388343,1.7470412890654,1.20959277111851
1,1,1,1,1.01906046065887,1.60943460663261,1.9655873268068,1.21659656383601
1,1,1,1,1.02480231499907,1.30195088391448,1.81467983214873,1.25497794335219
1,1,1,1,1.04638796530459,1.48970849536231,1.60494643829306,1.05574163620723
1,1,1,1,0.949379599471036,1.08911357158365,1.2806360671452,0.873856863667174
1,1,1,1,0.999286617202317,1.11216800125675,1.38502463224919,1.22909906714569
1,1,1,1,0.765106651960818,1.07345520530609,1.28091115172574,1.10339352625596
1,1,1,1,1.09664239226185,1.32032150615466,1.48969792702905,1.21027213460419
1,1,1,1,1.31648577267102,1.44911798984013,1.6376200035485,1.54893232349629
1,1,1,1,0.981963682822932,1.21213848804371,1.6760217885002,0.859060958556611
1,1,1,1,1.10217867977564,1.52943956395021,1.78381506588077,1.18394437374984
1,1,1,1,1.13783838005357,1.37262919272427,1.52583546433055,1.13464112784824
1,1,1,1,1.0417766095459,1.16902395132609,1.33754659771284,1.17662272387267
1,1,1,1,1.34649538573142,1.64273686568684,2.19667376985101,1.37234904373661
1,1,1,1,1.39590823733953,1.80237308005593,2.03443598542781,1.28997344507511
0,0,0,0,1.35489783081486,1.45261051949986,1.64663400498275,1.37655727618325
1,1,1,1,1.05536425769971,1.3450358411181,1.56157303431122,0.982331512357736
1,1,1,1,0.844520190715557,1.36295481216216,1.50328826361513,1.11943957889926
1,1,1,1,1.29194667648661,1.44529221869495,1.51344996969806,1.31561401266254
1,1,1,1,1.01430138732388,1.35182799046363,1.5430796953476,1.18913098927407
1,1,1,1,1.19370965724491,1.43586123795996,1.55468646222233,1.25224817001157
1,1,1,1,1.0673071395237,1.38236384959584,1.76742079232138,1.21762425561241
1,1,1,1,1.00838960427946,1.48636639236397,1.53486443919409,1.09838332641412
1,1,1,1,0.98157199060931,1.10990313012869,1.43849873758254,1.2231711494218
1,1,1,1,1.20153555846516,1.44523425194637,1.51021475308859,1.13542116646072
1,1,1,1,1.14790181063114,1.56030594270705,1.72738466053018,1.05330431547417
1,1,1,1,0.901166233447124,1.23893017130252,1.66127158367236,1.21109027445498
1,1,1,1,1.2013322804028,1.42015199300735,1.6828551422074,1.28395719606675
1,1,1,1,1.29421894009831,1.47608265770699,1.81825621521812,1.33829234958335
1,1,1,1,1.03662567367646,1.3917683615261,1.64300210454254,1.38773850099234
1,1,1,1,1.4787428597972,1.60963081414447,2.05456485392033,1.47136321278478
1,1,1,1,1.0614060744486,1.26639349381606,1.53541831887395,1.2119548360708
1,1,1,1,0.915320365739281,1.23231577838878,1.29976384479525,1.08858939255108
1,1,1,1,1.04912832170376,1.51863857703315,1.75093269520311,1.20212080948478
1,1,1,1,1.04637063890969,1.57251388705725,1.70236465214643,1.16920759652528
1,1,1,1,0.981800488478684,1.22544302709924,1.39020313662117,1.16175236674118
1,1,1,1,1.12916899521284,1.42444512666049,1.47681709592238,1.17262918503709
1,1,1,1,1.07731892498421,1.77295473998341,2.07868477958501,1.35171517987985
1,1,1,1,1.2484282645356,1.46731712771036,1.45236944167724,1.23948414041666
1,1,1,1,0.946703680397814,1.31858674860965,1.69066299905138,1.1989426398843
1,1,0,1,1.0411232326024,1.51443763225629,1.62791624647053,1.23374432224486
1,1,1,1,0.975181607673956,1.21892715615305,1.50949654892055,1.11004698156237
1,1,1,1,1.25286721460967,1.43601592295991,1.59962681240495,1.2014962512678
1,1,1,1,1.0172521153556,1.43732074196708,1.58481806154674,1.26124750072587
1,1,1,1,1.12654910435489,1.22517787202918,1.55217919383994,1.35469845435591
1,1,1,1,1.21657440389481,1.6333393599251,1.76509122026676,1.31097019544418
1,1,1,1,1.21637322852257,1.41771122866388,1.48209677019405,1.00790170132173
1,1,1,1,1.23608213064081,1.43275028807021,1.75720382082126,1.35718404634879
1,1,1,1,1.01148340586892,1.24247875104231,1.56938784805858,1.28658632942638
1,1,1,1,1.24548737052668,1.35883803481425,1.63895595391465,1.31600043699239
1,1,1,1,1.10915494885558,1.27635294713524,1.43305521793642,1.15072898169642
1,1,1,1,1.28394822718263,1.45837211505246,1.71371253576913,1.26421735893517
1,1,1,1,1.0587583152044,1.27745029959737,1.60098020803486,1.31966412063082
1,1,1,1,1.21267219994678,1.32824345028491,1.50896535427871,1.36008660839427
1,1,1,1,1.48466426200133,1.73139960439765,1.84451906933911,1.22594721991435
1,1,1,1,1.13846794065017,1.44221615281879,1.60990077022432,1.43366575101904
1,1,1,1,0.942731675129497,1.26986808503049,1.56454747002164,1.0603189265855
1,1,1,1,0.852868889535096,1.23657013701244,1.2684182126685,1.00448393204786
1,1,1,1,0.915691418027504,1.16544703219993,1.47135319199365,1.11325965722187
1,1,1,1,1.07186495976789,1.27509630526133,1.56054328655746,1.14532698898057
1,1,1,1,1.00420693117004,1.08449756126063,1.33028361966783,1.01185537484231
1,1,1,1,1.11382986158734,1.43474793372627,1.86685239867136,1.13623917726906
1,1,1,1,1.25265084319995,1.62970970263707,1.80808622416941,1.05068194697228
1,1,1,1,1.15013162295793,1.44445601362279,1.88902407217734,1.38769031752163
1,1,1,1,1.05055157092404,1.14382386128487,1.39928677874074,1.11368272761398
1,1,1,1,1.01935101114783,1.54130133650334,1.51602421411193,1.20364801739806
0,1,1,0,1.29089025699386,1.36477623712421,1.75708546773919,1.27136429606789
1,1,1,1,1.10042864099398,1.52107961076122,1.8858228911682,1.3835390599478
1,1,1,1,0.865519874987093,1.00772230103674,1.29074624545096,1.10840717546137
1,1,1,1,0.957845904605289,1.28808373154594,1.38132230238008,1.15932817764681
1,1,1,1,0.981082182869934,1.27058339211766,1.7020890536066,1.01735255090646
1,1,1,1,1.13500204426643,1.68511124414,2.06099689092207,1.35865149747614
1,1,1,1,1.10003812950371,1.73766087737695,1.78722829711908,1.25396037232105
1,1,1,1,1.05210633041998,1.18073405077283,1.55311122522467,0.976353381284042
1,1,1,1,1.11842446884792,1.24870733079765,1.54543361158986,1.03796793604079
1,1,1,1,1.2770785415986,1.27170296517205,1.66351385869277,1.25190265329013
1,1,1,1,1.25364526610188,1.47696929620613,1.55939337611719,1.23255572375787
1,1,1,1,0.931139548642775,1.10838736752539,1.20423022288532,1.13515426834332
1,1,1,1,1.12868322404571,1.31675070771665,1.55011132027588,1.26330944513305
1,1,1,1,1.14448567362196,1.42876918649941,1.62465638828782,1.31066189049415
1,1,1,1,0.937759054885734,1.25206671909376,1.50294014827362,1.14222243551882
1,1,1,1,1.04456549235833,1.5026938135816,1.73496047398591,1.09071133273041
1,1,1,1,1.0662753463263,1.41818327667544,1.64471765583472,1.00874610600275
1,1,1,1,1.06183530154226,1.41719462665792,1.73051817759432,1.19217646838519
1,1,1,1,0.944537270340726,1.23043689801386,1.30873808848609,1.05901798636603
1,1,1,1,0.939098109508682,1.74463998180866,2.10959008697724,1.21340857376201
1,1,1,1,1.04529244207464,1.24372404198959,1.5645686447455,1.18007806088486
1,1,1,1,0.972431783457481,1.62369968601868,1.67237304423676,1.14393872021726
1,1,1,1,1.09818015845144,1.22943074425471,1.47997810829368,1.17501853694871
1,1,1,1,0.997959436367687,1.3963731666969,1.75366128036575,1.18398951510855
1,1,1,1,1.00695050422222,1.26291414731448,1.45735597551559,1.08333594292795
1,1,1,1,1.38638123370432,1.48258417436695,1.93423789179323,1.33506789696593
1,1,1,1,0.947904423014391,1.54400468324081,1.70883499413025,1.16071873423512
1,1,1,1,1.10621613579135,1.34755896110761,1.72708552399848,1.14481796576673
1,1,1,1,1.07916524125732,1.52864069747567,2.25206545390745,1.3842087022553
1,1,1,1,1.01675441135518,1.36355491728092,1.6442168170395,1.04675648319934
1,1,1,1,1.08431566437842,1.61967532479214,1.64013768918138,1.09114246173254
1,1,1,1,0.900243184140056,1.18366186993963,1.42228052577415,0.987281216144943
1,1,1,1,1.1999078803072,1.35463832115607,1.64880419160422,1.17827764582699
1,1,1,1,0.970169955614351,1.3808895156349,1.81320145669772,1.20195540654458
1,1,1,1,1.37458164618928,1.54508860869758,1.72541221882985,1.23709417810523
1,1,1,1,1.09715911963841,1.25657843843412,1.29420432956589,1.11574400664544
1,1,1,1,1.19919121970668,1.29093989651257,1.69023612696747,1.23284493671818
1,1,1,1,1.00403870279173,1.27639673451377,1.68156311932233,1.3833401732663
1,1,1,1,1.33665347606416,1.48079699751574,1.82341566247791,1.02786049299161
1,1,1,1,1.19432416355643,1.40546573017331,1.45604594045879,1.02966422420024
1,1,1,1,1.16215610908783,1.39221453620306,1.71286176941614,1.01096083601851
1,1,1,1,1.13404573294051,1.74674719163219,1.90966455602509,1.29082836274018
1,1,1,1,0.996444605734137,1.17944819895154,1.51532960386846,1.03486445094759
1,1,1,1,0.980772061434245,1.32647264059665,1.54781258765125,1.44122053614811
1,1,1,1,1.24295102092777,1.31541557517169,1.66044707318275,0.960804513720768
1,1,1,1,1.1399066007379,1.36624097958878,1.91461601572748,1.07275307109922
1,1,1,1,1.21073165164311,1.4122611554197,1.63722753415045,1.22601344840511
1,1,1,1,1.07252012918202,1.31948262428903,1.46907099080971,1.14847646422719
1,1,1,1,1.04953585929159,1.10285100178571,1.46651031806395,1.43641335803476
1,1,1,1,0.888468654307029,1.16658716511941,1.19289799039935,1.11634590297079
1,1,1,1,0.997982339724871,1.21464902664062,1.49306748272752,1.15605995925624
1,1,1,1,1.55597181510315,1.82466189426906,2.04700715824276,1.30692324188808
1,1,1,1,0.890542727690588,1.34308264488441,1.50314106182803,1.02262892573876
1,1,1,1,1.04662946631961,1.48435250335991,1.7920546121686,1.30381735931949
1,1,1,1,1.13654487585934,1.37437057902943,1.96256095582392,1.07820520159096
1,1,1,1,1.38451069420389,1.52204355193913,1.74291679439083,1.20466670492808
1,1,1,1,1.15199961571773,1.39120773086035,1.5408537389111,1.3093079549983
1,1,1,1,1.0977489070354,1.38706557828224,1.49745084858697,1.07978556025464
1,1,1,1,1.16524156659049,1.38510173718627,1.52906119317216,1.28782081163179
1,1,1,1,0.917961975441196,1.13929209778777,1.62387869620005,0.973192459007404
1,1,1,1,1.10314035802939,1.45676137115296,1.53311080087012,1.16846468548373
1,1,1,1,0.900610124154997,1.15666208707871,1.45666050506208,1.05952269282873
1,1,1,1,1.02231203246735,1.51860566663112,1.52837634134831,1.10305806340389
1,1,1,1,1.35032927699166,1.72102977015142,1.84879911266589,1.15592897707072
1,1,1,1,0.829358552225648,0.985584755338784,1.26181680002354,0.931829202895973
1,1,1,1,1.22343728314763,1.69031120604733,1.77349279220341,1.35874528474001
1,1,1,1,1.03757409302442,1.34005807429517,1.94749228337323,1.29476313724485
1,1,1,1,1.01475060106522,1.22465850298072,1.62344455813841,1.17706807385877
1,1,1,1,1.10678834531411,1.30676397739339,1.4892771095394,1.09270511354698
1,1,1,1,1.05310708901811,1.51968554947015,1.39014686948273,1.31095139658272
1,1,1,1,0.991956869034732,1.17077245279396,1.53537048243959,1.15200390569859
1,1,1,1,1.15335439707986,1.29196209464616,1.50012080632192,1.23765839269501
1,1,1,1,0.923920596157977,1.1302715693301,1.38823053575752,1.44417380494967
1,1,1,1,1.18043926759115,1.28333671127334,1.36516537057585,1.11159218576654
1,1,1,1,1.06369826908047,1.41979573723476,1.94725541263201,0.963927230646856
1,1,1,1,0.874379810937216,1.12773609694441,1.23297093290018,1.11708892009849
1,1,1,1,1.02826914085058,1.14464325020934,1.27821270295694,1.16552549735197
0,1,1,1,1.2391681241685,1.35839976942529,1.83862653517005,1.27109773046346
1,1,1,1,1.02314789179856,1.11875902452159,1.40860333126764,1.26311507213054
1,1,1,1,1.19591867666289,1.28750945304912,1.57662325637324,1.07365221664973
1,1,1,1,1.17502369017745,1.54677552506591,1.67551734499617,1.04958552854063
1,1,1,1,0.999480526643568,1.48365460864267,1.49998874913252,1.26770174607027
1,1,1,1,1.10969209231234,1.48889696337417,1.56228460044993,1.28813803363389
1,1,1,1,1.18013065205305,1.44666437035176,1.63537516799403,1.1265913160815
1,1,1,1,1.26626436321223,1.69615355871904,1.71645955252813,1.0070431209911
1,1,1,1,0.893353560435294,1.48804843280046,1.53732825338301,1.1948454608178
1,1,1,1,1.07368214242402,1.22522088230229,1.42242635548613,1.11237607901204
1,1,1,1,1.11335856608534,1.71838581005044,1.80609960641142,1.21674319847423
1,1,1,1,1.4269672928667,1.50450409445172,1.92852531027142,1.68787260190939
1,1,1,1,1.22041276496563,1.42965391334048,1.43277467498641,1.10796327398627
1,1,1,1,0.950737234627361,1.35798883652794,1.59771494841521,1.05551737426256
1,1,1,1,1.08782594021771,1.34669635210428,1.47557023717989,1.11662847186528
1,1,1,1,1.10505691589723,1.23844378174225,1.52211636773654,1.26013980361993
1,1,1,1,1.02627812028164,1.3840747107162,1.4359386738535,1.06401691646339
1,1,1,1,1.23337948488188,1.64505596720722,1.77753979645972,1.21396185878828
1,1,1,1,1.11763214753771,2.02425358028345,2.00715236557329,1.39624548440353
1,1,1,1,0.987473220143196,1.16776622311424,1.43678212023011,1.26241981395876
1,1,1,1,1.07208643326495,1.26415280966017,1.51202496397252,1.11443265025621
1,1,1,1,1.08459943859818,1.50884861057202,1.5724317249267,1.04680697503468
1,1,1,1,1.2719785569312,1.41915748368281,1.82162001057946,1.17739317344801
1,1,1,1,0.922612892915968,1.0749806489723,1.26425634573199,1.03006305232184
1,1,1,1,1.049951724503,1.12019818918551,1.33479039899361,1.16182921642033
1,1,1,1,0.983711346319194,1.54637681514826,1.78316831074795,1.31007086249453
1,1,1,1,1.06107734894971,1.47306115600053,1.6752853037437,1.15176148055265
1,1,1,1,0.943751537664201,1.27882106901971,1.26358577207876,0.978056214124232
1,1,1,1,1.18656976655504,1.58673514919241,1.68766166223204,1.39777943492
1,1,1,1,1.03459462438483,1.42427063199412,1.61679948840448,1.12578831530115
1,1,1,1,1.27381482402012,1.64906884506059,1.87772671415028,1.23118141073044
1,1,1,1,1.31936492440317,1.50653688161293,1.64664691595614,1.26791647060886
1,1,1,1,1.06012652951087,1.38826253789516,1.58922830209062,1.21085689068689
1,1,1,1,1.04890543530099,1.325033072032,1.31521453115832,1.17517426295414
1,1,1,1,0.943621673027432,1.21440878930356,1.59126641962619,1.05191893524782
1,1,1,1,1.42889692326279,1.67879519650364,1.80656659649716,1.54482537307185
1,1,1,1,1.07927734823808,1.20125268862445,1.50390357678823,1.25179548122685
1,1,1,1,1.39595273332845,1.6023657082969,1.47120304946568,1.53615208397286
1,1,1,1,1.55710641381512,1.65347824643671,2.3992881871849,1.50797526441872
1,1,1,1,1.10368137342518,1.21929884813308,1.49012554282397,0.996474268258861
1,1,1,1,1.16437997244498,1.31432316466332,1.78229042423391,1.1180698531279
1,1,1,1,1.17731703502544,1.3320164601232,1.56668904301412,1.23179120011653
1,1,1,1,1.0833801695209,1.21580872055655,1.44638652371618,1.07305143930863
1,1,1,1,1.16669828162384,1.48583964026333,1.57872436782938,1.13235009192887
1,1,1,1,0.943907321781036,1.43948380961754,1.640561396657,1.17505236743425
1,1,1,1,1.29500373458489,1.44645529889493,1.50680876541224,1.27051432435743
1,1,1,1,0.98922534593144,1.17056558092974,1.42059858699345,1.16590656564846
1,1,1,1,0.970681735498063,1.15999643176647,1.30794993319709,0.974480221041355
1,1,1,1,1.33148446070186,1.44991778367482,1.85769143589066,1.23589469354644
1,1,1,1,1.23765565628384,1.31513404406405,1.76422560959814,1.32395806683563
1,1,1,1,1.13965086951655,1.42527622400739,1.61280018470816,1.51412900602253
1,1,1,1,0.863303359883414,1.26384358769604,1.50087780565544,0.990535643884427
1,1,1,1,1.08146349473855,1.39610366152433,1.49000510654403,1.18154737326732
1,1,1,1,1.31375319147044,1.46174235010688,1.89360626533022,1.20049679859075
1,1,1,1,1.02593710288754,1.52786428205575,1.48334727308776,1.13568229029212
1,1,1,1,1.04088536651657,1.24098134187463,1.62748659145636,0.937011314270283
1,1,1,1,0.948270200499053,1.17679027615767,1.46669774564693,1.01406714200318
1,1,1,1,0.996593985031383,1.09220504001491,1.2893636907196,1.02320744598773
1,1,1,1,1.16901293672315,1.3927305372103,1.78463138124412,1.22504310173245
1,1,1,1,1.08324198742215,1.38452667468362,1.66482758284124,0.982619293868059
1,1,1,1,1.11259047728026,1.21091697399704,1.42719168862965,1.31004353309092
1,1,1,1,1.25835840197663,1.43188641396328,1.50163006641627,1.28616213179915
1,1,1,1,1.01119777539015,1.22642282712897,1.39017826225073,0.945131750266388
1,1,1,1,0.960897965080944,1.16082106314914,1.299925389838,1.15212756966117
1,1,1,1,1.1113922011564,1.18755551743191,1.32300619205121,1.21102931284762
1,1,1,1,1.21316665237628,1.37569216326997,1.78532875922201,1.39732020761742
1,1,1,1,1.01546877086945,1.20002217004509,1.52638650406267,1.04132250502938
1,1,1,1,1.09631037468995,1.214828866755,1.40173885905085,1.40023622665475
1,1,1,1,0.954864564277238,1.23844071608102,1.50397974244472,1.23789724988834
1,1,1,1,1.06450568137989,1.58435198489073,1.55020276900604,1.13186010012044
1,1,1,1,1.02543179432959,1.27820927748962,1.34367788357608,1.15867198870799
1,1,1,1,0.969972622623238,1.58512767284013,1.83459241911564,1.14772890489999
1,1,1,1,1.64212477311894,2.06601361295672,2.26877510364103,1.35039502353728
1,1,1,1,1.16628547119512,1.54519864719892,1.99542929644311,1.32638377469323
1,1,1,1,1.30448818377165,1.41372879323445,1.47147544576852,1.41719699567329
1,1,1,1,0.929435933195982,1.30402843079191,1.63691597352173,1.24033644650725
1,1,1,1,1.09488415909501,1.19868517398703,1.68842260950515,1.16847015865293
1,1,1,1,1.03740988205695,1.13438121818873,1.33607307901712,1.1574370434343
