"y","x","w"
0,-6.239118,0
0,-17.527387,0
4.1084633,6.447245,1
0,-2.92785,0
0,-13.573942,0
9.0440445,12.68635,1
4.9649968,4.073142,1
3.0577612,-25.13532,0
2.7555041,-16.420022,0
12.558869,-11.992475,0
0,-6.969392,0
0,2.910822,1
10.557804,-0.732225,0
0,-9.43292,0
0,-6.998693,0
5.7636886,-8.514329,0
0,-23.871778,0
0,3.762942,1
0,-7.499628,0
3.4018233,-12.889142,0
8.393487,5.709719,1
3.7777903,-11.117063,0
0,-18.519571,0
3.4520254,-0.989046000000002,0
0,-9.569684,0
0,-11.265985,0
0,-11.952592,0
0,-23.371652,0
0,-6.68485,0
0,-9.324399,0
4.7562428,-5.388898,0
8.9581652,18.58742,1
0,11.55836,1
7.2939458,4.858386,1
2.8747196,-13.165712,0
4.3614793,-7.098257,0
1.4783195,-28.357517,0
0,-12.252862,0
6.0412922,-23.898294,0
6.5789475,-2.427209,0
1.766098,-16.687669,0
0,-10.13054,0
6.3856959,17.748934,1
4.3256335,1.318835,1
2.8470075,-29.806905,0
0,3.986052,1
3.8317113,-6.438497,0
1.7736472,-18.060724,0
2.1056747,-27.215892,0
0,3.170558,1
5.0379248,-22.441835,0
3.6956735,-22.737031,0
6.6374617,15.93841,1
0,-0.282826999999997,0
0,2.7223,1
0,-8.477575,0
2.2016249,-9.200513,0
2.712085,-14.778322,0
0,-14.114633,0
0,14.644816,1
4.2081637,-13.855684,0
0,-18.526105,0
3.6667309,-18.628877,0
0,-14.541669,0
0,-4.974718,0
6.1236987,19.455882,1
0,-8.654672,0
4.762434,6.85550199999999,1
2.5927222,-34.327718,0
2.7553902,-24.422872,0
0,-29.980112,0
4.5326805,-23.367757,0
7.5924377,-36.274061,0
2.3802805,-38.270196,0
0,-34.535945,0
1.2644622,-7.197957,0
1.9967952,-38.966035,0
2.2202981,-20.204137,0
4.7129793,-23.450059,0
2.3063796,-35.930864,0
0,-34.290119,0
0,-13.295377,0
3.8424592,-11.986028,0
0,-14.038019,0
3.4035022,-19.793672,0
0,-15.115762,0
0,-8.205068,0
0,-0.399126000000003,0
8.9702187,-13.299928,0
0,8.144969,1
0,-12.062707,0
6.239471,-9.722009,0
8.6933842,-1.987421,0
0,-1.05166,0
0,-13.035863,0
11.731582,-6.982042,0
0,-17.567609,0
0,-13.108358,0
1.8716778,4.197497,1
0,1.545653,1
0,-1.609155,0
0,0.423735000000001,1
0,-3.27638,0
2.7902565,-13.816305,0
0,-8.979684,0
0,4.122122,1
6.1518273,-20.197278,0
0,-12.65944,0
0,-9.44449,0
5.1419168,-6.82052,0
4.5526977,-22.048952,0
0,-12.669996,0
4.2165627,-3.284749,0
0,1.291163,1
5.2918453,-12.591856,0
6.1227236,-11.308919,0
7.1772051,-5.766431,0
0,0.0996650000000017,1
0,1.363371,1
0,12.410273,1
0,3.242808,1
0,-3.953569,0
0,-4.138975,0
0,-3.94602,0
0,2.023409,1
0,-3.898481,0
0,-12.744962,0
1.6366345,-0.00935100000000233,0
29.895367,7.900912,1
0,-8.142522,0
10.430792,-1.365175,0
0,13.839259,1
0,-14.524774,0
15.092062,2.90235,1
2.632133,3.456858,1
0,-5.343526,0
0,-0.796456999999997,0
0,-11.437704,0
0,-12.254354,0
10.723861,-8.490854,0
2.001014,-30.723075,0
14.878738,-5.638944,0
2.9663029,9.991183,1
0,-30.076873,0
0,1.057139,1
0,5.252894,1
2.3476658,-28.051177,0
0,-16.058305,0
0,3.342116,1
0,8.397631,1
0,-22.595102,0
0,3.591635,1
2.6941469,-24.52886,0
0,-12.325399,0
9.7665787,7.076685,1
13.353809,-6.18094,0
136.05443,-26.485635,0
0,-42.613765,0
2.1441972,-40.03001,0
9.154994,-37.152484,0
2.7071719,-35.284988,0
0,-40.461236,0
3.2393911,-33.020811,0
0,-41.043304,0
1.9487262,-37.895498,0
2.7590773,-28.334745,0
5.0246205,-36.872148,0
1.8497965,-29.526996,0
0,-34.34279,0
0,-41.294082,0
0,-32.616563,0
2.4938798,-39.540367,0
3.1676645,-41.467969,0
0,-42.044338,0
2.7242918,-40.312734,0
0,-36.582942,0
2.1270854,-42.329545,0
3.4646735,-43.698393,0
1.0237021,-39.711038,0
2.1405714,-40.023077,0
0.80844009,-38.400251,0
0,-43.743094,0
1.496991,-42.817417,0
2.2683246,-40.622447,0
1.7871743,-36.841661,0
2.283783,-40.906538,0
6.7301545,-41.739019,0
4.9073839,-30.828464,0
9.1983624,-43.056913,0
1.5053797,-43.820057,0
2.2176883,-37.792106,0
0,-29.288785,0
0,-11.342294,0
0,-28.502395,0
0,-30.221628,0
0,-35.789648,0
0,-38.900316,0
0,-6.211572,0
0,2.668326,1
0,-21.38347,0
0,-24.592008,0
0,-26.115034,0
0.86941147,-42.833353,0
0,-40.079999,0
9.4015884,-43.038904,0
0,-27.286996,0
0,-29.465137,0
2.5717802,-42.473981,0
0,-34.296632,0
0,-43.785889,0
0,-38.815124,0
18.099548,-34.745401,0
0,-16.06484,0
0,-41.375434,0
0,-37.888792,0
0,-42.882686,0
0,-34.27659,0
0.93045759,-38.161468,0
0,-18.470479,0
0,-40.974817,0
0,-42.685863,0
3.155968,-39.630628,0
0,-42.450828,0
12.828736,-32.076189,0
9.5156536,-32.957073,0
0,-36.575881,0
0,-29.292284,0
0,-33.861156,0
0,-43.178443,0
0,-42.011541,0
0,-40.96659,0
0,-29.814659,0
0,-38.028453,0
10.006003,-20.471372,0
0,-36.41316,0
0,-11.227293,0
0,-29.730945,0
0,-39.803266,0
0,-40.338066,0
0,-38.072217,0
0,-39.267282,0
1.9761088,-34.352264,0
0,-33.457557,0
3.3964698,-34.918457,0
1.2753638,-31.55845,0
2.3946464,-37.021919,0
2.9160471,-24.861158,0
0,-7.943601,0
1.1791062,-28.449241,0
0,-17.189119,0
1.008985,-41.552736,0
1.8332601,-35.143363,0
0,-1.961046,0
0,-33.604236,0
0,-14.286119,0
0,-23.359315,0
7.8019857,-28.249542,0
0,-13.164285,0
2.3400846,-36.921728,0
6.9141951,-15.754564,0
0,-11.050252,0
2.0446594,-32.948196,0
2.982152,-31.666059,0
15.810277,-12.959615,0
0,-0.304097999999996,0
2.4948232,0.961482000000004,1
0,-4.715642,0
0,-20.469469,0
0,-24.494688,0
11.096316,-0.167676,0
5.2026429,-15.237691,0
0,-23.574258,0
4.0515356,-15.229955,0
6.726759,-23.877691,0
1.35168,-31.242969,0
0,2.943366,1
0,-28.627784,0
0,-6.683813,0
9.9443121,0.787528000000002,1
0,-20.103193,0
1.5247157,-20.792432,0
4.1815462,-28.742187,0
1.8137134,-27.468576,0
0,-7.111001,0
0,-10.329053,0
14.165309,-0.293615000000003,0
1.1873382,-27.097181,0
0,-15.161809,0
2.8313372,-30.920501,0
0,-34.238636,0
6.6577897,-21.779764,0
2.9816628,-36.910055,0
0,-27.798337,0
1.9506269,-36.179471,0
0,-19.586782,0
2.0090983,-31.540893,0
4.4461241,-19.517751,0
2.0707793,-34.656459,0
1.6049045,-28.040538,0
0,-17.456865,0
0,-22.060884,0
0,-26.873777,0
0,-28.682973,0
2.1684213,-35.638799,0
1.3857421,-25.777185,0
0,-6.91168,0
0,-7.437265,0
0,-15.586099,0
0,-16.923055,0
2.6530478,-29.282632,0
0,1.032412,1
6.3893681,-7.940439,0
15.989766,-0.967908000000001,0
6.2996097,2.466712,1
16.363934,9.063876,1
10.79797,-1.047723,0
0,14.856959,1
3.6863642,-18.731649,0
0,-15.647798,0
0,-18.673147,0
0,-18.839982,0
0,-8.675424,0
0,-3.802186,0
1.4724613,-27.339904,0
0,-10.723787,0
0,-7.318567,0
0,5.71918,1
0,0.127088999999998,1
3.3447053,-5.940454,0
0,10.831889,1
0,-1.043104,0
0,14.287951,1
7.617887,-24.798795,0
14.874312,2.246321,1
5.8032694,-20.327604,0
0,-33.600027,0
0,-11.62026,0
2.2839916,-28.115821,0
20.07226,-36.824644,0
4.9771051,-22.400239,0
0,-19.208097,0
6.0795202,-24.180356,0
0,5.70410399999999,1
1.3540045,-40.643604,0
13.984058,4.51713,1
2.7471128,-42.244752,0
3.84571,-4.060388,0
2.9591053,-11.764577,0
0,-12.64406,0
0,-4.923559,0
0,-14.354257,0
0,5.410655,1
0,-3.328908,0
0,-13.880308,0
0,2.932704,1
4.0454712,-6.093748,0
6.1508179,-8.292669,0
9.4446545,6.224505,1
4.9097104,-22.856977,0
3.7639265,-21.9456,0
7.2817302,12.329005,1
0,1.173274,1
11.319901,-15.347177,0
0,-12.434896,0
15.175275,-4.551908,0
0,-2.909135,0
0,-11.530965,0
0,-15.351778,0
0,-29.756769,0
0,-17.539896,0
0,-11.174337,0
2.080317,-30.081615,0
0,-0.788812,0
0,2.374136,1
4.100966,-27.66292,0
0,-16.365995,0
0,-1.691461,0
0,-1.039964,0
2.0009072,-27.481477,0
0,-18.566698,0
0,-21.597917,0
10.185374,13.252528,1
6.0060062,-19.576665,0
0,-4.203916,0
5.9014459,-11.715875,0
0,-4.34593,0
3.1627555,-12.980611,0
2.6610608,-32.385526,0
0,7.670176,1
9.0077915,-17.87206,0
0,7.215128,1
0,-6.414258,0
10.986596,6.84277599999999,1
0,-0.870378000000002,0
0,-9.592382,0
6.4275613,-9.100351,0
0,-16.229425,0
0,1.714381,1
0,-7.093606,0
8.8691797,1.567965,1
3.5679879,-8.002798,0
15.820282,7.68678500000001,1
0,3.153426,1
1.5761187,-18.287385,0
0,-8.694261,0
5.9217148,-6.69742,0
0,7.13917799999999,1
0,5.172183,1
0,-4.301492,0
18.971731,10.516268,1
0,-2.89433,0
0,3.771082,1
4.4497843,-3.936811,0
0,-8.61448,0
0,4.480067,1
0,-5.083902,0
0,-14.271696,0
2.6382439,-28.853267,0
0,-19.027299,0
9.1861105,-13.753091,0
0,-0.440621999999998,0
12.012974,-23.334466,0
5.8847761,-11.521303,0
10.09795,-10.402517,0
9.024456,-4.644319,0
0,-4.704389,0
3.3919001,-19.20495,0
0,-15.350172,0
0,-2.044004,0
0,13.877078,1
0,-9.644105,0
0,6.538683,1
2.0378082,-22.075006,0
0,-19.049551,0
0,11.80752,1
0,1.977171,1
0,3.529002,1
0,-25.121931,0
5.4027772,-19.314348,0
0,9.699603,1
7.1055532,-4.033838,0
0,7.89527399999999,1
0,7.84118900000001,1
0,-2.981519,0
0,5.14361,1
9.457159,2.666625,1
8.5616436,7.592753,1
5.5937796,-11.95519,0
3.2119226,-6.361173,0
0,-7.382913,0
0,-3.392549,0
0,4.461985,1
2.2163122,-18.695596,0
0,1.073248,1
0,-4.676694,0
0,4.378787,1
4.659615,-25.979223,0
1.995092,-28.716316,0
6.697475,-15.104665,0
8.7151031,-22.026712,0
0,9.37955,1
0,2.500941,1
5.1419168,-10.445512,0
0,15.951121,1
0,5.147822,1
0,-14.585557,0
9.6130733,-27.490795,0
0,4.046034,1
0,-6.781187,0
10.182262,-7.807134,0
5.8102374,6.594447,1
2.5463111,-30.031457,0
0,-35.150928,0
3.4810457,-33.787395,0
0.68463606,-43.989888,0
0,-42.815919,0
0,-38.358158,0
0,-37.033187,0
0,-38.1247,0
0,-39.985591,0
0,-37.255466,0
0,-36.059099,0
0,-34.027538,0
0,-39.836698,0
2.5564332,-34.883974,0
0,-41.152311,0
0,-39.76173,0
0,-25.164785,0
0,-40.903573,0
0,-31.686273,0
0,-36.261531,0
0,-36.25654,0
0,-38.188228,0
0,-38.440856,0
0,-32.891487,0
15.553309,-37.625984,0
0,-39.428958,0
0,-35.118747,0
6.0927315,-41.246625,0
0,-27.533142,0
32.404408,-43.72354,0
0,-37.70079,0
0,-40.229946,0
3.5447166,-42.215812,0
0,-36.768224,0
0,-35.63302,0
6.9405885,-33.514156,0
0,-41.625471,0
0,-31.735391,0
2.1099718,-40.273294,0
0,-29.219083,0
0,-37.435873,0
0,-10.56513,0
0,-28.730056,0
0,-17.290838,0
3.0086951,-38.159521,0
0,-31.432355,0
6.2656641,-34.961799,0
0,-32.662755,0
1.6933798,-42.587137,0
3.2081101,-36.012451,0
0,-29.415327,0
0,-31.735361,0
0,-35.004306,0
2.854696,-39.234323,0
0,-36.977254,0
0,-27.787691,0
0,-39.020221,0
0,-37.66477,0
5.7067852,-30.578456,0
0,-27.240808,0
0,-35.27194,0
0,-30.462045,0
8.3187752,-38.866102,0
0,-27.384494,0
5.5763121,-38.911809,0
0,-6.585622,0
7.0274067,-28.589958,0
0,-20.656213,0
0,-33.286451,0
23.607176,-15.318929,0
0,-32.526863,0
0,-39.70157,0
3.5258443,-37.802982,0
5.3520298,-30.738061,0
0,-26.278047,0
6.6724496,-31.464756,0
0,-37.719615,0
0,-34.306594,0
0,-18.39232,0
4.2997346,-43.683515,0
0,-31.812868,0
3.3017466,-40.073375,0
6.0983047,-41.744382,0
4.20327,-43.33522,0
0,-35.180772,0
2.2846177,-42.358268,0
1.7469232,-43.87474,0
5.0220971,-34.782165,0
0,-31.84522,0
0,-37.579236,0
0,-36.628297,0
8.4552298,-24.594171,0
0,-38.14463,0
0,-32.583034,0
3.8207314,-32.555879,0
0,-38.617139,0
0,-36.001926,0
2.4145257,-40.134225,0
0,-30.387125,0
0,-40.854417,0
12.984484,-25.01333,0
0,-11.410348,0
13.415616,-7.409864,0
0,-42.479928,0
0,-34.790111,0
0,-32.761692,0
3.1186774,-38.619415,0
4.8847208,-19.332818,0
2.7575936,-43.597532,0
0,-26.940706,0
0,-27.504838,0
0,-29.528301,0
0,-35.072568,0
0,-41.288972,0
0,-29.705972,0
1.1975905,-39.931776,0
8.8786287,-38.727045,0
0,-36.305189,0
0,-34.520046,0
0,-29.588855,0
0,-30.835659,0
1.6600816,-40.521663,0
0,-30.953302,0
3.3787208,-43.442837,0
1.6326264,-43.2605,0
0,-33.757036,0
0,-41.364469,0
0,-40.874629,0
0,-32.627096,0
11.82942,-37.582782,0
0,-42.465499,0
1.2066656,-40.583944,0
0,-35.660911,0
0,-40.090627,0
0,-17.036302,0
0,-31.548801,0
3.2326889,-41.442382,0
4.2560434,-32.782543,0
3.136271,-43.265523,0
0.9251036,-42.086658,0
3.2515037,-35.715049,0
0,-35.742816,0
3.7504454,-38.200698,0
0,-38.132711,0
0,-25.990358,0
6.0764418,-37.989347,0
3.7221768,-33.401428,0
2.7236452,-43.469627,0
0,-29.396976,0
0,-43.608259,0
0,-33.386795,0
2.0454917,-38.562873,0
3.1960113,-42.140235,0
3.0525963,-38.11362,0
4.3461256,-37.429315,0
4.5635009,-39.421915,0
0,-33.288036,0
0,-33.986816,0
0,-33.098997,0
5.7712283,-40.63932,0
0,-30.34852,0
2.6589379,-34.3929,0
2.8522532,-40.595178,0
0,-29.301784,0
5.1817498,-37.45627,0
1.6088034,-40.93251,0
0,-41.92653,0
0,-40.48668,0
0,-35.628406,0
0,-42.501914,0
0,-33.784175,0
0,-26.804628,0
7.3849788,-28.984096,0
14.486455,-30.606218,0
5.9199619,-29.983276,0
0,-28.13886,0
4.3871193,-31.348272,0
0,-32.085063,0
0,-39.838399,0
3.6971309,-38.733791,0
0,-32.97631,0
0,-34.664129,0
5.0528016,-27.811136,0
5.2521009,-41.792205,0
0,-27.437334,0
0,-32.026475,0
4.9716616,-36.530603,0
0,-32.296655,0
0,-30.481822,0
0,-40.546928,0
0,-32.466176,0
0,-37.604921,0
0,-35.881256,0
2.3892865,-37.726013,0
15.872008,-42.401611,0
12.362468,-34.070135,0
0,-31.962034,0
0,-28.764102,0
0,-41.11947,0
0,-42.726219,0
0,-39.646699,0
0,-43.000917,0
0,-24.952714,0
0,-26.429739,0
7.4404764,-18.693948,0
0,-22.824029,0
0,-25.193803,0
0,-34.94358,0
0,-38.728084,0
0,-36.466115,0
8.7638578,-32.007028,0
0,-33.570917,0
0,-32.77003,0
0,-34.182563,0
0,-32.877637,0
0,-31.639925,0
0,-32.024732,0
0,-42.916049,0
0,-27.916707,0
0,-28.150337,0
0,-26.266248,0
0,-33.753803,0
5.4168248,-23.896017,0
1.9701328,-42.585783,0
0,-28.172443,0
0,-39.859619,0
0,-29.111238,0
0,-20.517168,0
5.3697042,-22.287118,0
8.7873459,-28.325342,0
0,-42.405046,0
0,-34.54685,0
4.5745654,-30.828428,0
0,-36.687824,0
0,-34.982551,0
0,-28.652736,0
0,-31.444404,0
0,-35.198963,0
0,-23.653924,0
0,-37.458837,0
8.5005102,-27.855627,0
0,-37.143924,0
0,-29.798862,0
0,-36.906019,0
10.814318,-19.669958,0
0,-37.132459,0
0,-30.407594,0
0,-32.963233,0
4.7936339,-29.812414,0
0,-41.85547,0
0,-36.752498,0
1.8415189,-39.202138,0
0,-29.941043,0
0,-29.971851,0
0,-28.634414,0
0,-39.086471,0
0,-35.024066,0
0,-28.890071,0
8.4473724,-23.640272,0
0,-30.762847,0
0,-32.763902,0
0,-36.059328,0
0,-42.710138,0
0,-30.72014,0
0,-29.015453,0
0,-25.450796,0
13.403029,-29.848844,0
0,-32.271564,0
2.6498489,-40.311697,0
0,-33.711874,0
0,-26.697431,0
6.9046469,-30.146488,0
9.248127,-21.864431,0
0,-28.841781,0
0,-31.023527,0
1.2592872,-42.340116,0
0,-32.801462,0
0,-15.113874,0
0,-32.982717,0
0,-24.39504,0
0,-28.038322,0
0,-42.614349,0
0,-32.52956,0
0,-18.154939,0
0,-27.817129,0
0,-24.165048,0
0,-39.740127,0
5.9222412,-40.690952,0
5.936832,-33.531101,0
0,-20.527242,0
2.6271544,-41.846115,0
0,-34.605901,0
0,-25.908468,0
1.1169441,-41.251216,0
0,-34.403181,0
0,-39.919876,0
0,-28.073965,0
0,-30.137166,0
0,-35.282619,0
0,-38.447162,0
11.82872,-43.870987,0
0,-26.634458,0
0,-25.441995,0
0,-42.78269,0
0,-30.478237,0
0,-21.973882,0
0,-28.898912,0
0,-34.527059,0
0,-32.497922,0
0,-34.656103,0
0,-32.832,0
0,-21.808355,0
0,-29.657115,0
3.5950532,-37.687196,0
0,-31.038774,0
0,-34.245658,0
0,-37.360288,0
0,-30.447874,0
0,-40.706586,0
32.061558,-30.615676,0
0,-22.004503,0
0,-36.445915,0
0,-37.679906,0
4.095675,-37.482145,0
0,-41.293554,0
0,-32.103738,0
4.1816511,-32.624917,0
0,-35.538557,0
0,-35.345661,0
0,-30.089185,0
0,-34.252876,0
0,-40.817857,0
0,-42.141962,0
0,-42.841272,0
0,-37.974182,0
0,-28.42691,0
0,-33.447643,0
0,-25.954431,0
0,-42.970893,0
0,-37.591152,0
34.352455,-43.161289,0
0,-27.44312,0
0,-37.073612,0
1.9624389,-39.144374,0
0,-33.471044,0
0,-28.32673,0
0,-40.880083,0
3.8939295,-33.379249,0
0,-40.810405,0
0,-38.664943,0
0,-27.589204,0
0,-35.507537,0
0,-35.69366,0
16.903313,-33.323001,0
0,-32.616542,0
0,-27.55068,0
10.705492,-21.691434,0
0,-30.642316,0
0,-30.878372,0
0,-32.638891,0
0,-29.858068,0
0,-30.08756,0
0,-34.76053,0
0,-40.172676,0
0,-34.405391,0
0,-31.322847,0
0,-41.125814,0
0,-37.705919,0
0,-41.641471,0
0,-26.718351,0
0,-42.174976,0
0,-36.27663,0
0,-38.782789,0
31.725889,-36.438488,0
0,-40.925764,0
2.4053495,-43.816577,0
0,-39.747215,0
5.5179372,-43.588458,0
0,-26.512887,0
43.699928,-39.975437,0
0,-27.676383,0
0,-36.194416,0
0,-41.246019,0
5.1114292,-40.914003,0
0,-41.234016,0
0,-35.831201,0
19.346102,-27.304908,0
0,-36.032571,0
0,-21.813875,0
0,-30.765968,0
0,-30.922859,0
0,-26.786527,0
2.5461814,-42.540082,0
0,0.263804,1
0,-5.68379,0
0,-25.466119,0
0,-20.230089,0
0,-11.959569,0
0,-1.297418,0
0,5.563014,1
6.0463147,-20.275075,0
0,-31.388547,0
0,-21.910715,0
0,-21.452497,0
0,15.3398,1
6.982265,-9.215547,0
0,-30.042001,0
0,-1.248983,0
0,-16.885477,0
0,-24.007093,0
3.9609711,-43.714484,0
22.614202,-21.04144,0
0,-19.684762,0
8.5719185,-5.186918,0
0,5.37138599999999,1
1.6654453,-20.309278,0
0,-24.608087,0
4.1327438,16.746241,1
0,8.156046,1
0,-9.682718,0
0,3.729949,1
3.8520305,-30.955636,0
0,1.851428,1
0,1.254561,1
7.2960749,-2.786054,0
1.8988664,-35.228105,0
0,-8.867208,0
8.8284626,1.170992,1
5.7967653,-37.551523,0
13.551971,-13.295698,0
0,-22.922643,0
0,-17.01201,0
0,-28.156667,0
3.8955979,-25.098443,0
0,-5.137155,0
0,-16.476182,0
0,-22.126989,0
12.9887,-11.414865,0
0,-26.261304,0
0,-4.531835,0
0,-25.663301,0
0,-6.479642,0
0,-25.642007,0
0,-19.82002,0
0,-14.764875,0
2.536912,-21.950998,0
0,13.120135,1
2.1899569,-39.808191,0
0,-21.313047,0
0,0.818854000000002,1
3.2601697,-43.247015,0
0,17.0479,1
0,13.316721,1
0,-19.068021,0
0,0.150092000000001,1
0,7.179133,1
0,10.547656,1
0,21.899615,1
0,2.854426,1
6.8653026,-7.239778,0
5.91471,-8.178586,0
0,-13.847436,0
4.9164209,-13.561975,0
29.308323,-22.183473,0
4.0698385,-31.749359,0
0,19.739001,1
11.42596,-16.506174,0
2.6114433,-13.837476,0
0,17.463305,1
5.9858732,-12.899858,0
0,-29.590393,0
0,10.926081,1
0,-22.541112,0
3.8550501,-29.674791,0
20.53388,3.623549,1
0,-22.286886,0
0,-1.031118,0
0,4.063628,1
0,-15.169919,0
0,5.094683,1
3.6411302,-14.77123,0
0,-20.272478,0
0,-12.748376,0
5.1690273,-8.861017,0
0,-31.675716,0
0,-19.735692,0
0,15.65301,1
0,-26.954027,0
0,2.258284,1
0,0.596304000000003,1
0,-0.402467000000001,0
0,-0.655358999999997,0
0,-4.714475,0
0,8.644511,1
7.2103252,-7.516546,0
0,5.364619,1
0,-25.403348,0
0,-26.687288,0
0,-12.598169,0
0,-21.545286,0
0,-22.52136,0
20.663292,-4.859201,0
0,-3.351995,0
17.385258,-24.924207,0
6.8380742,-20.184793,0
0,-19.337228,0
10.279605,-15.46919,0
0,12.79761,1
0,-16.545919,0
0,4.964114,1
0,17.583743,1
6.2648792,-28.887563,0
5.4301591,-6.980676,0
0,-11.060537,0
3.903734,-15.795026,0
8.491127,3.274107,1
0,0.480559,1
0,-10.349283,0
0,-0.491158999999996,0
2.5663729,-25.974172,0
3.4941669,-23.739782,0
1.3040529,-31.713861,0
0,1.577021,1
11.721955,-25.315061,0
0,6.489901,1
6.6666665,-6.360609,0
4.2611217,-7.899061,0
4.4361634,1.276831,1
2.514719,-32.839439,0
0,11.486277,1
0,2.095786,1
2.9964342,3.321261,1
0,4.38494,1
0,-1.328134,0
4.5813417,-21.923536,0
3.1816735,-5.161813,0
0,-13.732923,0
1.213124,-39.644948,0
0,-15.106409,0
1.4915578,-23.159414,0
1.2263919,-23.508153,0
6.9812903,-13.713399,0
0,-13.095087,0
0,-17.358766,0
5.8889346,6.221606,1
5.9340138,-6.463537,0
0,2.198065,1
2.4904895,-27.94979,0
4.6749363,-20.762617,0
0,-25.860746,0
0,3.243693,1
4.0930595,-16.43073,0
0,4.744135,1
4.6146746,1.764647,1
0,-3.614164,0
1.743588,-42.431079,0
2.6796002,-25.830072,0
0,5.19913,1
4.5909467,-7.15875,0
0,-11.086275,0
5.8616648,2.576621,1
0,1.677866,1
4.4304638,-21.207036,0
2.0152352,-16.251661,0
1.3254514,-5.550653,0
11.614402,7.502902,1
5.1193838,-24.800447,0
5.6417489,-6.790872,0
2.2053149,-15.322877,0
7.1488142,-4.398973,0
4.9653664,-15.801362,0
0,-19.827272,0
5.0655994,-13.515325,0
0,-0.693891000000001,0
0,5.891528,1
6.6089487,-3.375825,0
2.3199704,-39.944683,0
0,-22.209722,0
0.57644862,-42.173198,0
4.320961,-33.857339,0
0,-30.608016,0
1.0924187,-38.357238,0
0,-31.358922,0
0,-27.722698,0
2.4454062,-37.974681,0
3.5283012,-38.638719,0
0,-34.606721,0
0,-37.740766,0
0,-33.784603,0
0,-28.718872,0
0,-19.229024,0
2.5334628,-38.700788,0
0,-36.531225,0
2.1361327,-36.032222,0
3.2727869,-21.933858,0
5.214036,-24.902948,0
3.8420656,-39.737524,0
1.8130722,-37.001468,0
2.7142565,-30.011589,0
4.3773255,-19.787557,0
0,-35.731649,0
0,-15.778207,0
1.4828105,-41.164161,0
1.0045304,-42.953054,0
0,-26.510496,0
0,-22.465658,0
1.7048264,-25.793981,0
7.0190215,-14.974412,0
0,-27.252847,0
2.2518973,-36.481176,0
0,-31.937915,0
4.5226359,-19.03737,0
3.0868328,-41.488914,0
0.7640723,-42.54552,0
0,-34.849216,0
0,-43.498742,0
3.3918772,-41.92745,0
0,-29.854217,0
0,-30.823715,0
2.6446631,-42.170743,0
0,-41.635715,0
0,-25.800397,0
0,-29.672048,0
0,-27.640668,0
0,-41.940597,0
11.520738,-32.671924,0
2.7254641,-39.841516,0
6.7657471,-38.860944,0
0,-33.982,0
0,-26.637861,0
3.5450935,-36.401264,0
0,-27.770795,0
0,-42.257453,0
13.340448,-28.79006,0
2.8280542,-35.896739,0
0,-35.809499,0
0,-31.869443,0
12.380835,-35.17663,0
0,-33.34114,0
2.2900589,-39.129661,0
0,-39.317062,0
0,-37.607128,0
0,-29.962945,0
3.0469227,-28.343173,0
2.0932765,-39.315742,0
0,-33.642015,0
0,-37.664049,0
0,-36.897295,0
10.674637,-22.148378,0
0,-28.426074,0
0,-15.656175,0
0,-39.543989,0
0,-26.598489,0
0,-42.313341,0
1.1108519,-41.845836,0
0,-29.909973,0
11.730206,-29.930576,0
0,-39.954971,0
0,-39.078975,0
0,-40.159427,0
0,-30.271306,0
0,-30.241767,0
11.487651,-24.916006,0
0.75223035,-43.190168,0
0,-35.833808,0
0,-25.894128,0
2.073384,-43.986616,0
0,-33.103555,0
0,-34.68329,0
7.6728306,-23.034158,0
0,-33.777412,0
0,-29.299825,0
0,-28.857936,0
0,-32.168222,0
0,-34.058387,0
0,-32.414691,0
2.2295847,-43.128259,0
0,-39.163015,0
0,-41.97112,0
0,-34.991014,0
13.078734,-28.733646,0
0,-43.916742,0
3.5847433,-38.186471,0
1.6138924,-38.524309,0
1.9447379,-42.705051,0
0,-35.733152,0
0,-16.710878,0
0,-22.755918,0
3.859067,-20.150739,0
4.1690989,-29.36149,0
0,-13.164293,0
0,-35.450405,0
0,-31.800497,0
0,-43.814352,0
0,-38.632751,0
6.3047729,-17.222627,0
0,-27.50893,0
0,-38.187173,0
0,-43.602437,0
0,-19.648992,0
0,-43.105726,0
8.0405245,-28.500669,0
11.941725,-35.855272,0
0,-32.165056,0
0,-24.706308,0
0,-29.532821,0
0,-27.857286,0
3.2889328,-37.058879,0
0,-37.521064,0
0,-21.128435,0
0,-30.048233,0
0,-21.196432,0
0,-34.606946,0
0,-29.881132,0
0,-24.879739,0
0,-28.604948,0
0,-32.315587,0
0,-32.86589,0
0,-43.402781,0
0,-17.521387,0
0,-24.747747,0
0,-30.737857,0
0,-17.918416,0
9.4562645,-27.817499,0
0,-34.350538,0
0,-15.743482,0
0,-30.97146,0
0,-32.887559,0
0,-22.977094,0
0,-29.392047,0
0,-20.327783,0
0,-25.605653,0
0,-38.449569,0
0,-27.219049,0
0,-30.180782,0
0,-26.35824,0
0,-34.863401,0
6.0117831,-24.888776,0
0,-24.562482,0
0,-36.76826,0
0,-23.969774,0
0,-32.507358,0
11.785503,-24.818418,0
5.8230944,-26.349313,0
0,-36.67872,0
0,-34.95145,0
8.6415482,-24.995161,0
1.7011142,-41.24283,0
0,-36.747333,0
0,-38.401323,0
0,-28.692836,0
3.144819,-29.80113,0
0,-40.194446,0
0,-22.585897,0
0,-23.322713,0
4.4909506,-13.446031,0
0,-17.090436,0
0,-33.204259,0
7.9541841,-23.074613,0
0,-33.75715,0
0,-28.353107,0
0,-30.693037,0
0,-36.090183,0
1.7642285,-33.15586,0
0,-20.541711,0
2.7362776,-14.267507,0
0,-8.968545,0
0,5.279231,1
0,2.022002,1
0,13.727541,1
0,12.804148,1
0,-0.453705999999997,0
0,19.03271,1
5.6782694,-2.433324,0
0,9.109828,1
0,14.683657,1
0,6.539813,1
0,-2.359148,0
0,5.486025,1
4.0489106,3.981654,1
6.6220779,-0.435009999999998,0
0,7.681262,1
3.5947301,-19.379117,0
0,-1.260465,0
0,-13.074975,0
10.206164,11.344531,1
9.610302,-3.412599,0
4.7174263,-9.898698,0
4.2365403,-25.983217,0
2.231097,-22.498888,0
0,14.261469,1
6.3669934,17.781436,1
0,22.371874,1
0,-10.181886,0
2.4558358,-31.65517,0
5.8251295,2.772013,1
10.563008,20.638545,1
0,7.719492,1
14.683479,-19.776956,0
0,15.679034,1
4.5772877,-5.515176,0
0,-11.742769,0
0,-17.022619,0
0,-0.735363999999997,0
5.8213997,6.290598,1
0,-16.252653,0
2.2936306,4.94620800000001,1
3.4867504,-11.133569,0
0,-14.068849,0
7.257421,8.38653,1
0,-5.64842,0
3.3575075,14.078303,1
0,-9.598909,0
0,3.214491,1
4.2859592,-0.868203999999999,0
0,-2.772321,0
0,14.800196,1
0,-2.890657,0
3.477535,10.099452,1
0,-12.890626,0
0,0.699271000000003,1
0,-6.119958,0
0,0.943083000000001,1
4.6908717,0.0676029999999983,1
13.031863,14.419489,1
1.6098912,-16.139162,0
4.1821756,1.649516,1
0,13.17235,1
8.8806,-1.095441,0
0,-0.257458999999997,0
23.04413,-9.633184,0
10.471204,11.913104,1
0,16.64123,1
0,8.864748,1
0,-3.986471,0
0,-5.585546,0
7.837605,18.615275,1
0,-0.486356000000001,0
0,0.448484999999998,1
3.9895475,-11.91609,0
1.2162639,-4.107934,0
0,1.947257,1
0,5.934481,1
10.332713,11.47037,1
0,-2.657224,0
0,0.669817000000002,1
7.233273,2.835169,1
0,-24.585672,0
0,-26.922349,0
0,-25.313451,0
0,-34.506994,0
0,-16.935956,0
0,-19.492788,0
0,-25.275243,0
0,-20.648393,0
0,-7.719045,0
1.5274872,-37.367136,0
0,-40.334983,0
3.2362459,-9.612573,0
0,-19.1984,0
0,-31.958009,0
0,-17.569643,0
2.401191,-32.006769,0
0,-23.549539,0
0,-2.830816,0
2.0414412,-33.803537,0
0,-18.347196,0
0,-20.1984,0
5.2064352,-22.108507,0
0,-24.454011,0
0,-27.499794,0
0,-39.546108,0
8.966197,-29.958478,0
0,-20.983724,0
0,-10.571252,0
0,-10.512815,0
0,-18.932867,0
0,-22.810441,0
0,-15.995691,0
0,-4.549348,0
0,-7.652498,0
1.5323322,-37.049528,0
0,-27.242738,0
0,-18.618688,0
2.1586616,-34.654426,0
0,-23.369829,0
0,-13.778684,0
6.570734,-25.692148,0
26.136957,-9.085382,0
0,-23.573881,0
0,-23.576406,0
4.3127613,-13.870313,0
0,-13.353998,0
1.5272918,-42.438871,0
9.8850517,-29.901882,0
4.2934422,-42.990879,0
3.6591167,-30.128988,0
22.271715,-22.575895,0
0,-17.055051,0
0,-31.727989,0
4.3146224,-25.222749,0
0,-28.278654,0
5.5063047,-28.972866,0
0,-23.544519,0
8.1446486,-22.653135,0
7.8585463,-8.864267,0
7.9706678,-23.838068,0
0,-21.0617,0
0,-16.686849,0
12.626795,-32.009902,0
0,-17.450147,0
0,-21.252618,0
6.6146317,-3.043241,0
0,-22.37013,0
0,-19.11564,0
0,-23.222414,0
0,-18.785871,0
0,3.396616,1
3.0351777,-27.250699,0
0,-21.61841,0
0,-7.266942,0
0,-22.057622,0
0,-6.809122,0
0,3.779494,1
7.1797819,-22.710248,0
7.1976104,-30.931657,0
0,-26.616796,0
6.4821415,-23.730508,0
7.0219789,-15.269884,0
0,-25.559972,0
0,-7.635217,0
0,-31.084653,0
0,-28.619132,0
5.4585152,-33.565389,0
0,-9.314905,0
0,-1.754323,0
0,-11.369291,0
5.8043361,-29.675205,0
3.49406,-34.598787,0
7.6704764,-33.075683,0
5.3607807,-31.527563,0
0,-12.267427,0
0,-24.747087,0
0,-21.43717,0
14.198495,-2.908361,0
0,-24.998098,0
0,-10.973035,0
19.629011,-16.50123,0
0,-19.555955,0
0,-12.514829,0
0,-16.185674,0
0,-25.885278,0
0,-33.023275,0
0,-13.245988,0
0,0.893720999999999,1
11.115434,-11.542833,0
47.147572,-18.221048,0
0,-10.516328,0
0,-38.753484,0
0,-24.579221,0
0,-24.546442,0
0,-34.900754,0
0,-35.952577,0
0,-31.607889,0
0,-40.728425,0
0,-38.87552,0
0,-29.206441,0
0,-39.180217,0
8.8237886,-39.219244,0
0,-36.405946,0
0,-35.479894,0
2.2628529,-42.18717,0
0,-40.874355,0
0,-27.178934,0
18.24651,-22.752721,0
0,-26.259363,0
0,-42.658792,0
0,-33.467056,0
0,-37.149402,0
0,-28.686241,0
0,-43.311304,0
0,-43.49427,0
0,-26.547266,0
0,-32.166633,0
0,-35.421335,0
0,-37.42136,0
0,-42.827085,0
0,-37.037429,0
0,-31.751626,0
0,-34.729877,0
0,-37.928688,0
0,-42.412574,0
0,-28.477266,0
0,-29.340427,0
0,-32.730298,0
9.1407681,-21.82731,0
0,-25.118211,0
0,-40.706811,0
0,-36.006305,0
2.8733156,-38.704082,0
0,-31.461881,0
0,-38.339841,0
0,-34.218675,0
8.7298126,-39.203214,0
0,-37.64363,0
0,-23.493032,0
0,-40.966806,0
0,-18.992826,0
0,-40.495534,0
0,-22.997682,0
0,-21.78396,0
9.1457834,-39.371561,0
0,-10.606416,0
28.801844,-29.681688,0
3.6559062,-32.058271,0
0,-29.116235,0
0,-22.822973,0
5.2862506,-34.352251,0
0,-18.259046,0
0,-33.339448,0
0,-35.341468,0
0,-27.404922,0
0,-26.233503,0
9.4428711,-26.223012,0
0,-25.758497,0
0,-39.553812,0
0,-33.918451,0
5.1200657,-33.982706,0
0,-42.28482,0
0,-27.083814,0
0,-39.86837,0
0,-26.687314,0
0,-27.617778,0
33.014194,-21.842935,0
0,-29.438653,0
0,-28.730052,0
10.930754,-31.812789,0
0,-33.524683,0
0,-25.055646,0
0,-32.880493,0
0,-37.480253,0
0,-12.993486,0
0,-37.040239,0
0,-35.54766,0
0,-29.68465,0
0,-29.799259,0
0,-35.472709,0
0,-18.673768,0
0,-38.978433,0
0,-21.310396,0
29.459419,-30.713186,0
0,-16.792741,0
0,-37.706052,0
0,-37.304687,0
0,-22.363039,0
0,-21.961431,0
0,-38.382541,0
0,-36.18955,0
0,-28.329956,0
0,-40.538742,0
8.0314837,-35.743833,0
12.354831,-24.801797,0
0,-33.480834,0
0,-21.848127,0
0,-23.52918,0
0,-30.692735,0
0,-32.150733,0
0,-15.938688,0
0,-36.119739,0
12.503126,-38.43428,0
0,-18.828584,0
0,-35.532178,0
0,-29.931798,0
0,-39.356107,0
0,-28.990823,0
0,-28.249662,0
10.665529,-30.464191,0
0,-30.89748,0
2.9090064,-35.950262,0
0,-24.922391,0
0,-36.048536,0
0,-20.25583,0
0,-38.770311,0
0,-21.086336,0
0,-23.738103,0
0,-30.546186,0
0,-17.154203,0
0,-23.011571,0
0,-36.189775,0
15.12173,-30.463636,0
0,-26.690462,0
0,-30.497741,0
0,-34.265563,0
0,-41.539718,0
0,-29.874076,0
13.444474,-43.239651,0
0,-37.705656,0
0,-24.778848,0
0,-40.518743,0
0,-39.693376,0
0,-43.3117,0
0,-40.757831,0
0,-34.15191,0
0,-43.725763,0
2.1737714,-39.170389,0
0,-40.20693,0
1.3302295,-36.425107,0
0,-37.16172,0
3.2716625,-38.299623,0
1.1396877,-41.832015,0
1.7554947,-41.783002,0
1.4357501,-43.522037,0
0.8629294,-40.234371,0
0,-21.489488,0
0,-33.897411,0
0,-22.66654,0
0,-30.720861,0
0,-20.557493,0
2.2299776,-27.234874,0
4.5811667,-35.390375,0
0,-24.039583,0
0,-6.333242,0
114.15525,-14.681119,0
0,-27.682182,0
1.777367,-43.201651,0
0,-22.517122,0
0,-20.341314,0
4.435442,-10.612936,0
0,21.031687,1
0,-38.293634,0
10.166735,-24.180467,0
0,1.820937,1
0,-31.47487,0
3.029844,12.165034,1
1.180317,-29.480152,0
0,0.504401000000001,1
1.5164611,-26.846433,0
0,-18.256662,0
0,-10.453882,0
0,13.578814,1
0,-11.230176,0
0,-26.263765,0
1.7324717,-28.247001,0
2.2721076,-34.795837,0
3.4202888,-42.558979,0
5.1618233,-40.237398,0
1.439719,-41.034618,0
0.82075524,-43.44371,0
0,-43.474722,0
0,-40.30067,0
1.4658887,-35.739051,0
6.3536439,-41.172225,0
4.9923868,-42.230005,0
2.6202018,-35.970897,0
0,-33.399553,0
2.4850278,-28.695657,0
2.0796075,-41.146177,0
0,-39.824199,0
0,-36.066185,0
1.7315418,-42.844009,0
3.6261227,-38.924329,0
2.5160902,-42.014371,0
4.1792045,-32.650733,0
2.0590961,-42.126028,0
3.4268286,-40.112018,0
2.3452158,-40.831731,0
3.2082002,-35.148767,0
2.5740688,-43.584407,0
0,-41.834686,0
1.8852273,-40.711946,0
2.352277,-36.261749,0
1.5631106,-43.539488,0
0,-36.416091,0
0.69869483,-41.985651,0
4.1431885,-32.418384,0
0,-39.008104,0
3.5331943,-42.902383,0
1.1281843,-39.472469,0
2.0599868,-38.895425,0
0,-42.029293,0
0,-43.438639,0
3.1623054,-43.401029,0
2.0384867,-37.542921,0
0,-37.010068,0
1.2302544,-42.192125,0
0,-41.82349,0
5.3847399,-35.810283,0
1.2520816,-35.803424,0
0,-24.301893,0
13.636984,-9.861665,0
0,0.117128999999998,1
0,-3.598608,0
0,-1.954854,0
0,2.21031,1
0,5.679827,1
7.2851782,3.392577,1
0,0.347124999999998,1
1.6285319,-27.733976,0
0,-27.739908,0
4.2991643,-32.18762,0
1.6765302,-23.599649,0
0,-3.885953,0
0,-22.246046,0
0,-3.782972,0
2.1604571,-34.567899,0
0,-18.270162,0
0,-0.528653999999996,0
0,-1.876363,0
0,9.070094,1
5.4059167,-19.467447,0
4.3295665,-1.774675,0
4.6817212,-14.736738,0
0.86347586,-18.03766,0
0,-15.314962,0
0,-15.601396,0
0,-31.446571,0
4.8477798,-25.321023,0
0,3.18281,1
0.86013365,-29.703939,0
5.7141771,-1.255777,0
1.5557988,-36.265718,0
0,0.545126000000003,1
2.6636655,-29.867868,0
0,2.411768,1
0,-2.964654,0
3.5546708,-6.637979,0
6.8572998,14.487093,1
3.9085095,-35.974514,0
3.9172673,1.979319,1
4.0943336,-6.939939,0
5.4851627,-27.616802,0
4.6640701,-25.455308,0
9.8711815,-0.0517129999999995,0
0,4.129496,1
0,8.881571,1
1.392525,-26.936094,0
5.5175457,-8.025503,0
0,-2.217649,0
0,4.201529,1
6.4970927,-21.52947,0
1.9129969,-8.410703,0
0,-22.52614,0
0,-18.983476,0
0,-1.950227,0
7.9579821,-0.812345,0
0,5.29645799999999,1
1.1698369,-34.517232,0
0,-5.507371,0
0,-12.454416,0
2.6408219,-15.956396,0
0,-4.57242,0
4.5390587,-22.77659,0
0,7.844592,1
4.3523202,-18.944067,0
0,-24.558,0
0,-4.94658,0
0,-14.410554,0
5.2773232,3.189967,1
14.210601,2.543314,1
4.014452,-12.141355,0
0,0.164473000000001,1
0,-13.910512,0
1.3142159,-31.581346,0
0,-15.558713,0
3.8352749,6.78083299999999,1
0,-25.24471,0
2.6394277,-30.697935,0
2.1915886,-17.952714,0
0,1.561598,1
0,0.567084000000001,1
0,-28.794752,0
0,-19.877557,0
2.0362036,-23.092313,0
0,2.416537,1
0,-20.215669,0
0,9.427378,1
0,-19.024099,0
2.9947293,-4.825342,0
1.2898676,-27.589048,0
7.392622,8.16313400000001,1
0,-7.436525,0
0,-3.727426,0
2.3126199,-6.230722,0
5.9070234,-8.92069,0
5.461894,-4.653768,0
0,-25.235967,0
0,-1.054365,0
0,-32.441337,0
0,-35.043695,0
0,-20.666101,0
0,-12.683465,0
0,-37.992616,0
25.89332,-35.876094,0
0,-26.085271,0
4.2508874,-40.024499,0
0,-27.895036,0
0,-26.201726,0
0,-25.561548,0
0,-17.833951,0
0,-27.17708,0
0,-18.024003,0
0,-32.82052,0
0,-20.609464,0
0,-13.790315,0
0,-31.938598,0
0,-26.757966,0
0,-13.274236,0
0,-27.131513,0
33.704079,-10.248598,0
0,-23.239465,0
0,-12.813783,0
0,-30.297393,0
0,-21.838907,0
0,-23.880884,0
0,-26.19111,0
0,-23.29767,0
26.406126,-32.705184,0
0,-5.80586,0
0,-28.309371,0
0,-28.453313,0
9.0801783,-35.707849,0
0,-29.895069,0
0,-33.179189,0
0,-27.312875,0
13.664002,-8.42653,0
0,-19.881784,0
0,-8.465066,0
20.504408,4.117198,1
0,-33.685203,0
0,-27.516111,0
0,-38.580722,0
0,-33.023433,0
0,-38.391754,0
0,-36.944036,0
7.7315602,-36.769445,0
1.7436488,-40.717132,0
0,-27.080904,0
0,-38.052101,0
0,-12.099973,0
1.9584035,-40.237565,0
2.5367191,-43.466012,0
3.1681662,-42.459175,0
5.2545848,-26.80824,0
2.553561,-42.611145,0
1.4887599,-35.887268,0
0,-27.420421,0
0,-37.872413,0
0,-35.153867,0
0,-41.798065,0
0.82298428,-43.895562,0
6.6368012,-33.978139,0
1.9987408,-40.09081,0
3.1230481,-35.540935,0
2.1313326,-43.536757,0
0,-38.819021,0
0,-43.279139,0
0,-40.322767,0
1.1942438,-41.545402,0
0,-28.570516,0
1.0909973,-43.940089,0
0,-23.867704,0
0,-33.895858,0
1.3426712,-43.206571,0
3.3722262,-43.480465,0
3.5520194,-32.123281,0
0,-32.565122,0
0,-43.957281,0
0,-24.450666,0
0,-30.280767,0
3.0468297,-23.582532,0
1.8886454,-42.266979,0
3.6250272,-25.69465,0
2.6809652,-42.793184,0
5.4064283,-40.983444,0
1.7215853,-30.749797,0
1.8719405,-43.630229,0
5.7557268,-36.701576,0
6.8222132,-36.973449,0
3.2401257,-42.432571,0
0,-20.212926,0
2.6417985,-37.660469,0
0,-24.460199,0
7.9063883,-29.201639,0
3.8750677,-40.524196,0
1.3507125,-38.177013,0
0,-26.403314,0
2.8870862,-43.469222,0
0,-37.436401,0
0,-31.144279,0
0,-34.840866,0
0,-18.736742,0
0,-39.833806,0
0,-34.480468,0
5.418684,-34.230054,0
3.3100526,-43.980894,0
4.011714,-29.151578,0
5.205893,-41.598442,0
2.3536611,-38.752536,0
1.4056592,-40.822439,0
0,-38.603824,0
3.8027151,-41.38277,0
9.7040272,-13.092023,0
4.3910685,-42.982267,0
3.6497016,-33.511194,0
5.667007,-42.615913,0
2.9677112,-42.088336,0
0,-38.48632,0
0,6.917117,1
21.204411,-32.124057,0
0,-1.215524,0
0,-41.736251,0
0,-25.885705,0
0,-21.005659,0
0,-11.095106,0
0,-16.02194,0
1.8901805,-32.913816,0
2.7564914,-24.270772,0
0,-5.319944,0
0,1.930068,1
0,-38.250144,0
1.8670824,-38.293233,0
20.580366,-6.30195,0
0.99317688,-33.402715,0
0,-15.282644,0
0,-22.383836,0
3.8057542,-24.624601,0
0,-32.428071,0
5.5181546,-4.979085,0
0,-22.559328,0
0,-32.278034,0
0,-35.924661,0
4.4927669,-27.602333,0
3.0287428,-25.639535,0
0,-36.745431,0
0,-23.885976,0
0,-23.797441,0
0,-35.764896,0
0,-1.604085,0
0,-9.019804,0
0,-26.951402,0
0,-17.461267,0
0,-3.705343,0
0,-37.823886,0
0,-31.944189,0
0,-24.079236,0
0,-4.306169,0
8.8886251,-5.702703,0
4.541945,-20.403635,0
0,-21.530672,0
0,-9.350427,0
0,-20.22936,0
2.7974374,0.409368999999998,1
0,0.791978999999998,1
0,-29.827684,0
0,-17.355581,0
0,-22.025094,0
0,-17.505018,0
0,-20.418489,0
0,-31.013072,0
0,-26.936178,0
0,-2.77218,0
1.256476,-39.994544,0
6.5280542,-20.389265,0
3.2899065,-30.975708,0
0,-23.761713,0
8.6184607,-24.2273,0
2.6604943,-30.650962,0
0,-14.830751,0
4.2048607,-24.320955,0
2.2493646,-26.814516,0
0,1.548739,1
0,-23.732042,0
2.4545298,-22.791585,0
8.7584848,-17.125986,0
3.703155,-0.844723999999999,0
0,-34.465696,0
6.065753,-40.574144,0
0,-16.462953,0
1.0516878,-41.039577,0
0,-13.820142,0
2.7689326,-43.45095,0
8.8975887,-30.864494,0
0,-32.720386,0
0,-38.647552,0
0,-42.316612,0
0,-42.266342,0
0,-39.003721,0
0,-41.809087,0
0,-43.25423,0
1.9650998,-43.002355,0
2.3207779,-39.304824,0
0,-39.663909,0
2.5689771,-42.701379,0
0,-34.240283,0
1.9079357,-39.746047,0
0,-43.369412,0
0,-40.884525,0
0,-43.849613,0
2.0802131,-42.049404,0
0,-39.99831,0
17.934002,-42.561285,0
2.2435107,-36.397647,0
1.7485574,-39.347406,0
7.852499,-35.677082,0
0,-29.6539,0
0.89271367,-38.315229,0
0,-35.893947,0
0.80532157,-43.507517,0
1.9837859,-33.572778,0
4.9225922,-37.55161,0
0,-37.531906,0
2.8859196,-34.987508,0
1.374854,-32.243562,0
3.2029724,-39.026821,0
0,-38.12961,0
1.2761776,-37.865331,0
0.5607487,-43.26894,0
3.2338912,-42.964269,0
3.0212851,-25.892358,0
0,-35.882564,0
4.1528668,-37.708408,0
8.5389805,-22.644952,0
0,-29.577911,0
0,-25.746591,0
1.3968626,-32.970672,0
5.1423135,-32.572675,0
0,-28.933416,0
1.7946663,-38.919103,0
3.3060803,-43.634183,0
0,-43.344882,0
1.5980184,-35.955015,0
3.020175,-40.098876,0
4.5007539,-41.676689,0
3.9522958,-43.828753,0
0,-35.107337,0
2.0370748,-39.049827,0
0,-40.525768,0
2.5274544,-33.631849,0
0,-34.583786,0
2.4372122,-40.457006,0
0,-37.061731,0
0,-31.58477,0
1.6736681,-35.174333,0
3.5942779,-34.768516,0
0,-26.450376,0
0,-31.841566,0
2.9816923,-36.002338,0
2.7508047,-36.909261,0
0,-38.707254,0
3.6447797,-40.685155,0
1.1785573,-40.947204,0
0,-34.683801,0
0.64308888,-42.230714,0
0,-29.280591,0
0,-34.441877,0
1.1575682,-42.408634,0
0,-14.812089,0
4.177022,-24.731061,0
0,6.889102,1
6.2477684,-24.013067,0
0,3.873858,1
0,-5.997308,0
5.6360254,-9.999399,0
1.0350145,-4.14953,0
9.3344536,11.419779,1
4.6873536,-18.961549,0
0,-15.234621,0
3.465724,-12.445196,0
5.5643659,-2.477937,0
0,11.887393,1
3.3684778,2.853667,1
1.6611296,-5.799329,0
0,2.291159,1
9.2332687,-3.920644,0
12.373175,3.745307,1
0,3.527003,1
0.9672209,-7.573839,0
2.4124289,-1.633474,0
2.0690398,-29.499061,0
3.9878769,-23.057325,0
5.5154157,5.206561,1
2.3294818,-7.395784,0
0,7.362933,1
0,-8.868211,0
4.1311216,-21.412523,0
2.2384384,-19.283391,0
5.3558993,14.121485,1
2.3732677,-25.800973,0
13.253811,2.33108,1
6.0685134,5.28995,1
0,4.631388,1
0,-12.479158,0
2.3809524,-18.983583,0
7.8331022,3.202471,1
0,-29.430002,0
2.8909531,-21.658582,0
6.9681554,-6.320653,0
2.8547935,-22.998453,0
2.287178,-6.660001,0
3.6608582,-19.80787,0
2.4800973,13.260813,1
1.0642147,-20.215044,0
0,-9.398359,0
6.3649673,-32.952568,0
0,-16.896368,0
0,-12.816495,0
0,-27.63961,0
0,-34.418746,0
0,-32.243978,0
0,2.072093,1
0,-39.726266,0
0,-28.8852,0
0,-12.852575,0
0,-16.474893,0
0,-30.993797,0
0,-32.123128,0
0,-7.139894,0
22.197557,-33.211006,0
0,-33.840997,0
0,-16.770387,0
0,-23.616804,0
0,-14.685327,0
0,-15.172094,0
0,-20.051599,0
0,-40.461448,0
0,-14.540334,0
0,-20.410276,0
0,-22.579584,0
0,-33.354732,0
0,-14.652799,0
0,-20.612073,0
0,-6.617418,0
0,-36.842531,0
0,-43.671525,0
13.328002,-13.77279,0
0,-18.957811,0
0,-32.783306,0
0,-12.756261,0
0,-20.056165,0
0,-24.668962,0
0,-31.13359,0
0,-42.817525,0
0,-23.16728,0
0,-22.823266,0
0,-18.949686,0
0,-14.921293,0
0,-20.925714,0
0,-34.10707,0
0,-4.957918,0
0,-13.333032,0
1.0835645,-42.382154,0
0,-24.264627,0
0,-42.92209,0
0,-29.546674,0
0,-30.545455,0
0,-13.269941,0
0,-26.670927,0
6.2869358,4.284552,1
12.987013,-17.845224,0
0,-43.479415,0
0,-25.298254,0
0,6.049349,1
0,-30.306301,0
14.522219,-19.119989,0
0,-30.9361,0
0,-34.375177,0
0,-30.491127,0
0,-20.106443,0
3.746511,-31.676887,0
4.2753315,-20.683019,0
0,-17.862089,0
0,8.48736,1
1.65898,-26.801157,0
1.7016352,-21.972005,0
0,1.40000000001805e-05,1
0,-13.62364,0
0,-9.348588,0
0,-18.421888,0
5.2015605,-21.006853,0
0,-6.711629,0
0,7.316912,1
0,7.147883,1
3.904115,-0.956499000000001,0
0,-24.302179,0
0,-1.989034,0
4.1035743,4.777564,1
1.3962464,-33.291505,0
0,-5.531732,0
0,-5.042802,0
0,-16.431238,0
0,-7.428983,0
8.0791759,17.797434,1
0,13.653086,1
3.6888118,-16.926179,0
2.4389648,-10.445661,0
0,-8.386907,0
6.6979237,-3.706487,0
4.4334102,-15.43799,0
0,6.411532,1
0,-23.947591,0
0.4263047,-30.911291,0
0,12.705035,1
0,8.092165,1
5.5580258,0.167791999999999,1
0,-10.607145,0
10.098969,9.30114200000001,1
5.7636886,-3.898168,0
0,-16.095499,0
0,-10.807024,0
0,0.310403999999998,1
0,-14.871103,0
0,9.48958099999999,1
0,-18.778581,0
8.4595213,3.530402,1
0.42008686,-29.770177,0
13.93534,7.572756,1
0,8.387644,1
0,-16.524595,0
0,-4.147977,0
4.7746372,-13.287752,0
4.421062,-23.213041,0
5.5673089,-15.102102,0
0,-0.609037000000001,0
0,-2.972997,0
0,-14.177743,0
0,-10.712694,0
0,-16.628236,0
0,-21.708711,0
0,6.18104,1
3.9655788,-3.768449,0
0,-22.773973,0
0,-16.024641,0
0,6.66603300000001,1
0,-16.942743,0
0,4.89516699999999,1
0,-1.093664,0
0,2.771193,1
0,-17.391885,0
0,-9.406679,0
0,-7.173742,0
0,-23.462881,0
0,-16.283063,0
0,-22.69378,0
0,10.204585,1
0,-7.431497,0
3.0413625,-9.221517,0
2.6185894,-26.221143,0
8.410429,-12.099477,0
0,-3.062631,0
0,-29.906448,0
1.2699542,-18.262285,0
0,-0.697010999999996,0
0,-9.683835,0
0,-21.509168,0
0,-3.84168,0
0,4.456843,1
0,-12.592977,0
0,-23.528966,0
0,-1.286642,0
0,-13.673223,0
0,-4.594789,0
3.9010689,-18.316972,0
8.4160919,-20.112642,0
7.1517968,-12.869321,0
6.833168,-24.234117,0
0,-23.317052,0
0,-39.237129,0
0,-42.687013,0
8.3015108,-4.770895,0
7.7243938,-12.403158,0
0,-26.724973,0
0,-19.438184,0
0,-3.555078,0
30.275507,-30.424251,0
4.0950041,-12.749948,0
4.4553685,-25.49521,0
2.2201314,-24.436506,0
0,-20.990594,0
0,-31.898401,0
0,-17.816835,0
0,-20.351163,0
2.0738571,-36.397874,0
1.6574677,-19.643136,0
0,-14.2395,0
0,-22.644586,0
0,-6.125841,0
0,-22.614553,0
0,-5.836465,0
0,-25.656938,0
0,-5.007833,0
0,-25.025171,0
0,-26.42307,0
1.2835763,-0.161695000000002,0
0,-11.142454,0
0,-40.879575,0
4.1077886,-13.629301,0
0,-25.923654,0
12.168411,-27.579513,0
0,-9.445177,0
0,-25.686494,0
0,-35.17398,0
0,-28.00444,0
0,-38.33097,0
0,-19.234197,0
1.4793228,-25.610261,0
0,-20.537561,0
0,-17.348344,0
0,-27.078344,0
0,-17.177343,0
0,-19.262987,0
0,-29.396314,0
0,-21.90254,0
0,-11.338384,0
0,-32.991825,0
11.55268,-20.046113,0
0,-18.41863,0
0,-33.413888,0
2.5080442,-40.395296,0
0,-24.207891,0
0,-23.661146,0
0,-6.25414,0
3.477263,-33.057781,0
0,-7.912664,0
0,-16.957021,0
0,9.209437,1
0,-24.896596,0
0,-2.85856,0
0,-20.174745,0
2.8237154,-41.511192,0
0,-22.300004,0
3.8109031,-19.850667,0
2.001385,-29.693433,0
0,-23.440519,0
7.6775432,-1.786668,0
0,-11.270425,0
0,-6.6984,0
0,-24.960985,0
0,-28.585823,0
0,-18.488191,0
0.81925577,-14.417932,0
0,-13.067274,0
0,-2.401788,0
6.2111802,3.136401,1
0,-36.220926,0
2.9606647,-33.150049,0
0,-33.610895,0
0,-24.996789,0
0,-42.460931,0
0,-7.329652,0
13.419216,-4.165815,0
2.8935184,-28.739976,0
0,-28.573627,0
0,3.102713,1
4.8837662,-16.593133,0
2.7362776,-26.586023,0
0,-19.097082,0
0,-13.568517,0
0,-20.409891,0
2.6821876,-24.331029,0
2.2090225,-37.750072,0
4.3723493,-13.119138,0
0,-22.154031,0
0,-8.995359,0
0,-38.297273,0
9.9370651,-12.040002,0
2.1852875,5.848971,1
0,-10.551485,0
0,-27.736532,0
0,-25.168119,0
5.009769,-15.908777,0
0,5.82899,1
0,-39.2695,0
0,-21.608404,0
4.669188,-23.068258,0
0,-35.659439,0
0,-34.309331,0
0,-19.980188,0
0,-14.196817,0
0,-17.645559,0
2.9250884,-36.714151,0
0,13.212534,1
2.6262574,-8.514421,0
0,-34.104745,0
0,-27.966382,0
8.4609528,-3.980463,0
3.0258102,-15.022714,0
0,-24.289758,0
0,18.184062,1
0,-29.465314,0
0,-27.77692,0
0,-23.60721,0
0,-20.226591,0
0,-7.443643,0
3.1573629,-15.483224,0
0,-18.789884,0
0,-13.196554,0
0,-22.886102,0
0,-18.566106,0
0,5.700549,1
0,-5.669336,0
0,-5.756353,0
0,7.217387,1
2.4102774,-15.245382,0
7.1403069,-4.130247,0
0,-36.687322,0
0,-9.231222,0
0,-23.138021,0
0,-36.876972,0
1.6704624,-34.092752,0
0,-21.027994,0
0,-19.683454,0
2.2841132,-28.319255,0
0,-13.992921,0
31.87759,-3.750753,0
0,-0.343656000000003,0
0,-33.505653,0
0,-18.177991,0
3.1534798,-18.094861,0
0,9.355853,1
0,-10.114053,0
0,-15.232599,0
2.7379632,-43.269939,0
0,-10.128705,0
36.44315,-17.385408,0
12.517211,-22.638513,0
0,-23.178823,0
0.88758707,-15.424161,0
7.9396586,-22.324495,0
73.529411,-23.42867,0
6.1841006,-10.855569,0
3.658849,-13.427213,0
7.8945289,-0.518236000000002,0
0,-34.029418,0
1.1349922,-22.461439,0
0,-38.335554,0
1.2611613,-35.485361,0
5.0248733,-26.326696,0
0,-14.332746,0
0,-30.258672,0
8.19135,-33.845731,0
0,-29.642436,0
5.3098283,-3.347635,0
4.7860055,-41.145088,0
0,-6.314565,0
0,-6.167131,0
0,-40.490831,0
0,-2.097234,0
0,-1.730028,0
0,-21.072038,0
0,-17.855802,0
0,-40.536428,0
0,0.223742000000001,1
8.8880987,-17.621637,0
0,-22.196752,0
0,-17.148698,0
0,-2.080461,0
0,6.374491,1
0,6.598567,1
0,-6.830049,0
0,-16.616277,0
0,-28.526411,0
0,-38.049892,0
0,-34.780651,0
5.3861899,-4.710504,0
1.8673787,-26.569517,0
0,-13.389432,0
0,21.511645,1
25.943703,-34.145839,0
0,-35.366624,0
0,-30.277687,0
0,-26.187929,0
0,-31.880565,0
3.5396013,-39.314956,0
2.2002442,-38.76552,0
0,-16.489679,0
6.820817,-30.562009,0
0,-37.01202,0
0,-22.050825,0
2.9168551,-29.062381,0
1.8896329,-29.889226,0
0,-3.850664,0
16.380016,-4.57789,0
4.3125753,-17.421873,0
0,-37.555904,0
4.5825315,-12.476564,0
0,-15.013349,0
4.2799058,-18.304533,0
1.5885624,-23.270784,0
0,-5.759592,0
0,-9.847009,0
0,-38.749708,0
6.0830951,-7.391298,0
0.87915182,0.826082999999997,1
5.6562686,-14.033853,0
0,-32.39085,0
0.99668103,-38.407785,0
0,-27.406097,0
0,4.627841,1
1.552313,-13.638391,0
0,-6.02749,0
0,-29.503625,0
0,-18.911973,0
0,-43.369039,0
0,-35.957021,0
0,16.480586,1
0,16.640795,1
0,-42.288124,0
0,-38.611003,0
0,-40.451974,0
0,-31.008361,0
0,-27.134237,0
0,-27.900482,0
5.4495912,-40.477491,0
0,-22.406549,0
0,-39.409002,0
0,-22.705629,0
0,-22.057367,0
0,-26.017885,0
0,-24.975461,0
6.6146317,-24.124917,0
0,-35.31002,0
0,-39.252357,0
0,-43.717205,0
3.9990401,-35.332672,0
1.3821191,-42.523582,0
0,-36.913354,0
3.7384574,-30.052059,0
0,-23.480215,0
0,-28.555246,0
0,-39.513711,0
0,-32.150953,0
2.134244,-39.018249,0
0,-35.263862,0
3.0039051,-28.574819,0
0,-22.374189,0
6.8681316,-26.380804,0
0,-30.679357,0
4.7456341,-29.014196,0
2.0941532,-35.833168,0
4.5268326,-39.378334,0
0,-39.66242,0
0,-40.294263,0
0,-5.167158,0
1.9437857,-25.342512,0
0,-22.89892,0
0,-2.482965,0
13.133701,-26.052305,0
0,-17.164205,0
3.3697832,-29.099308,0
0,-18.618413,0
3.1679657,-22.322248,0
0,-2.301847,0
5.3387432,-24.306032,0
0,1.043192,1
10.287272,-0.111927999999999,0
0,5.134593,1
2.9292011,-27.735214,0
6.039012,-13.375852,0
0,-12.099081,0
0,-4.56558,0
9.3127213,-9.384607,0
0,-19.313158,0
0,-15.328172,0
0,-16.748529,0
0,4.524195,1
0,-3.242231,0
2.5320942,-12.518156,0
0,-12.303991,0
0,-20.44552,0
11.796626,-17.167093,0
25.536261,-7.615018,0
3.6326649,-18.542463,0
0,-26.50065,0
0,-20.812078,0
6.4867668,-16.881925,0
0,-9.270708,0
6.4545279,-12.169885,0
0,-1.53766,0
7.1500072,-2.770524,0
6.8119893,-5.975957,0
4.8671274,-31.150833,0
6.7200913,-27.686948,0
65.061806,-1.255361,0
10.858353,-14.408479,0
0,-27.104139,0
0,-13.633565,0
10.757315,-31.129682,0
13.071896,-17.900003,0
0,-13.673353,0
0,8.148692,1
0,-25.858304,0
0,-8.743818,0
0,-9.920084,0
0,-7.239503,0
0,-18.646322,0
0,-3.984643,0
0,-4.616918,0
2.1984303,-26.114046,0
0,-10.15175,0
0,-15.267095,0
8.5338793,-33.342176,0
0,-0.0677120000000002,0
8.7650099,-9.118593,0
0,-14.795961,0
0,-18.118116,0
0,-18.960103,0
4.0942221,-14.917112,0
0,-12.48826,0
8.6117811,-15.173242,0
0,-12.697202,0
1.6885521,-30.603071,0
3.1528833,-39.06538,0
22.16312,-32.779012,0
22.109219,-23.435071,0
3.262696,-6.208486,0
0,-12.303155,0
0,-38.856168,0
0,-23.285173,0
4.8859138,-27.595418,0
0,-9.009737,0
0,-7.692022,0
11.00776,-25.898756,0
0,-22.701707,0
8.2781458,-4.695444,0
0,-25.561586,0
0,-34.261951,0
0,-4.807424,0
0,4.160681,1
4.3641443,-13.365159,0
0,-32.763334,0
2.4163344,-15.242959,0
0,-5.03325,0
0,-10.026617,0
5.1550817,-10.741468,0
0,-34.684192,0
0,-25.200002,0
0.93917876,-30.312032,0
0,-31.731836,0
0,-40.020681,0
0,-31.077568,0
0,-34.955457,0
0,-24.407453,0
0,-41.957639,0
0,-33.775793,0
0,-39.433774,0
0,-36.540544,0
0,-29.65623,0
0,-34.115514,0
2.3421397,-27.466514,0
2.3027148,-18.683736,0
0,-24.019708,0
0,-27.761472,0
0,-36.951576,0
0,-30.30583,0
5.0463424,-34.104074,0
0,-29.033891,0
0,-38.873283,0
0,-33.041173,0
4.6813192,-37.826169,0
1.2904003,-42.461193,0
0,-36.67065,0
0,-33.138456,0
0,-20.810686,0
0,-43.972952,0
0,-39.84999,0
5.3909807,-42.434877,0
0,-36.522712,0
0,-37.721364,0
3.0709701,-42.077505,0
6.6163821,-42.811498,0
0,-42.920701,0
3.064101,-39.836818,0
0,-40.603269,0
0,-39.754236,0
0,-43.362497,0
0,-38.247838,0
0,-38.026947,0
8.1076698,-34.499687,0
0,-37.903329,0
2.5902507,-42.637567,0
0,-33.935625,0
6.1748724,-42.779712,0
0,-32.982524,0
0,-36.637424,0
0,-43.382432,0
1.246603,-41.111064,0
1.9992137,-35.615446,0
0,-6.850252,0
2.4998126,-31.826833,0
0,-16.325784,0
0,-4.310796,0
0,-43.922287,0
0,-35.045789,0
0,-6.36868,0
0,4.416605,1
0,-12.602376,0
2.0083952,-16.040006,0
0,-3.484853,0
11.049724,-1.829793,0
3.3699534,-13.956953,0
0,-8.350942,0
0,-7.214056,0
1.5613533,-32.507825,0
0,-24.756299,0
0,-22.506166,0
2.7841816,-35.648475,0
0,-17.423078,0
4.3780918,-2.824903,0
0,-20.412073,0
5.8221903,-8.849828,0
3.8170123,-34.959293,0
2.7560358,-38.7149,0
4.3708205,-26.072656,0
0,-19.518121,0
0,-28.527948,0
5.0910015,-7.273534,0
0,-29.467556,0
0,-8.371461,0
0,-17.279504,0
3.8109756,-11.780874,0
4.4279137,-39.689157,0
17.295053,-5.230546,0
0,-26.439039,0
0,-12.162786,0
7.4379859,-9.67209,0
0,-29.38149,0
0,-15.14924,0
0,-14.622873,0
0,-17.309804,0
7.8094492,-12.470495,0
8.3864479,-1.134973,0
7.0666385,-16.23623,0
0,-9.501276,0
0,-19.103876,0
0,-12.815202,0
0,-18.034467,0
8.4889641,4.5516,1
0,-31.634532,0
0,-13.551286,0
3.7268934,-39.1984,0
5.3013835,-19.820688,0
0,-22.863824,0
0,-31.45692,0
6.2077098,-32.381122,0
0,-25.494855,0
0,-30.663965,0
10.931351,-22.233842,0
2.0465801,-35.683876,0
0,-29.132783,0
0,-37.803884,0
0,-26.059858,0
0,-41.999807,0
0,-37.30669,0
2.7318673,-38.9223,0
0,-29.572952,0
0,-43.723224,0
0,-26.931573,0
2.5377491,-43.394169,0
0,-26.560544,0
0,-29.50336,0
0,-39.27613,0
6.7272115,-40.262285,0
16.548073,-26.430837,0
0,-34.379425,0
0,-25.724264,0
0,-31.45935,0
0,-37.752262,0
1.4472408,-43.241338,0
0,-31.443099,0
0,-28.665168,0
0,-36.803873,0
1.0024259,-40.715795,0
0,-34.809852,0
0,-32.305637,0
2.2761388,-35.002662,0
3.258709,-30.303373,0
4.0923228,-37.801288,0
1.6362596,-30.224361,0
0,-36.377342,0
3.7807183,-34.330114,0
0,-36.892015,0
2.1518795,-25.756277,0
0.62649184,-26.637731,0
0.77745986,-28.567525,0
0,-38.642921,0
0,-33.913568,0
5.3712907,-23.845815,0
0,-24.787546,0
1.1526448,-23.517648,0
0,-31.361249,0
4.3715849,-26.653047,0
0,-29.499973,0
0,-42.832157,0
0,-30.386653,0
0.79678416,-36.62635,0
0,-26.592084,0
0.94865859,-43.77388,0
0,-41.104742,0
8.698678,-36.06575,0
0,-43.745255,0
0,-41.277912,0
0,-37.717897,0
5.742671,-36.340381,0
0,-36.460426,0
0,-43.041194,0
0,-40.309902,0
0,-35.298431,0
0,-39.533651,0
0,-43.083505,0
0,-37.615465,0
0,-42.066287,0
11.622501,-41.910686,0
