"y","x"
22.962963104248,-35.606632232666
25.4385986328125,-54.3478240966797
22.682731628418,-20.4092292785645
15.8536586761475,-44.9720649719238
18.23899269104,-20.1149425506592
25,-50.5899658203125
15.4824438095093,-20.6885242462158
26.4462795257568,-51.3535690307617
16.9491539001465,-51.8703269958496
36.9127502441406,-43.0107536315918
26.1627922058105,-48.5353927612305
18.8481674194336,-57.7708015441895
23.9669418334961,-31.9630851745605
34.7517738342285,-30.006929397583
18.5277919769287,-22.6183910369873
29.8474941253662,-31.8656387329102
13.74045753479,-53.4169273376465
29.2173919677734,-32.8831596374512
7.91666650772095,-62.5598907470703
31.4448127746582,-31.2570514678955
26.0869560241699,-51.1715049743652
26.1538467407227,-42.1886787414551
25.9259262084961,-16.415340423584
31.1258277893066,-16.0010566711426
37.6543235778809,1.08007490634918
14.765100479126,-49.3897514343262
24.6693992614746,-13.259768486023
6.3333330154419,-13.4584455490112
31.5186233520508,-38.2829208374023
40.163932800293,-44.8480377197266
5.69620227813721,-48.6133766174316
9.14285659790039,-29.2753639221191
29.9578075408936,-41.9038734436035
7.2033896446228,-39.6103897094727
18.0958118438721,-6.4047737121582
23.8095245361328,-44.0625
12.7853889465332,-36.4417991638184
23.4126987457275,-15.8331184387207
4.96183204650879,-54.9485321044922
3.06122446060181,-22.2090969085693
7.18562889099121,-23.9642562866211
18.2320442199707,-60.0768585205078
5.04731893539429,-25.3530178070068
14.8688049316406,-26.3498210906982
16.3636360168457,-44.5251083374023
10,-42.2648506164551
6.09756088256836,-41.6346130371094
23.7414970397949,13.8285455703735
10.2040815353394,-50.0680274963379
3.07377052307129,-36.410701751709
1.37931036949158,-49.5219879150391
4.42708301544189,-13.6563863754272
22.8646907806396,-25.6637153625488
24.5014247894287,-25.4793338775635
16.4222888946533,-12.6537799835205
25.3731346130371,-61.3017730712891
15.5011653900146,6.89189147949219
4.43037986755371,-8.11881160736084
21.7457122802734,-18.4166355133057
10.0346021652222,-34.08203125
11.734694480896,-31.3669891357422
11.9268074035645,12.0698184967041
2.85714292526245,-13.6911277770996
6.39431619644165,-13.4130153656006
4.61893749237061,-37.4615364074707
1.2295081615448,-16.0032501220703
18.6619720458984,-37.9361915588379
2.00364303588867,-52.582950592041
6.83760738372803,-2.04353618621826
0.448430508375168,-36.3929138183594
2.15827345848083,-47.4290771484375
2.30263161659241,-34.1258735656738
0.806451559066772,-43.2672576904297
9.39226531982422,2.12443161010742
7.87401580810547,-17.2470989227295
2.35294127464294,-13.8271617889404
1.18343198299408,3.46248745918274
27.9367656707764,-20.9319286346436
4.70588254928589,-42.586986541748
1.49812734127045,-60.1651840209961
0,-19.1506404876709
20.625,-22.9398670196533
14.5038175582886,-50.1227493286133
16.2465000152588,-55.0204086303711
14.2857151031494,-53.3810119628906
10.4602508544922,-44.2105255126953
22.9650421142578,0.0509113073348999
13.1118879318237,-26.5737228393555
4.54545450210571,-33.6842079162598
2.06185555458069,-50.4341011047363
10.7296142578125,-49.1517448425293
21.7391300201416,-56.5949440002441
14.4927530288696,-50.9433937072754
23.211446762085,-27.2613220214844
30.0000019073486,-34.0119743347168
8.06451606750488,-50.5460205078125
4.58404064178467,-4.7039999961853
31.6216239929199,-27.6231250762939
15.573769569397,-24.372091293335
12.0996437072754,-48.5087203979492
29.7637786865234,-55.5423126220703
13.8297872543335,-36.3115692138672
33.6787567138672,-48.4797286987305
25.4910144805908,-29.9420185089111
12.8630714416504,-23.139533996582
15.7407398223877,-62.1035041809082
5.55555582046509,-53.0562324523926
23.3281497955322,-22.3257961273193
8.08823585510254,16.5540580749512
12.422360420227,-43.7100219726562
32.8671340942383,-40.5295295715332
26.2626266479492,-38.1918830871582
1.7964072227478,-51.6835021972656
22.0858898162842,-1.88976383209229
8.9655179977417,-21.2890625
22.5680923461914,-38.1086158752441
2.86624217033386,-0.536084175109863
2.82485866546631,-6.54468536376953
5.59440565109253,-29.1360282897949
0.869565188884735,-8.78293704986572
3.35570454597473,-40.105541229248
11.6099071502686,-8.73808574676514
22.794116973877,-49.7032623291016
0.694444477558136,-48.7378616333008
1.14942526817322,-54.8991317749023
5.0505051612854,-5.01253032684326
17.5324668884277,-50.735294342041
14.2045450210571,-53.5756187438965
8.39694690704346,-37.2950820922852
1.69491529464722,-40.0519027709961
20.4819278717041,-37.2960395812988
29.4979839324951,-10.9847812652588
12.1387281417847,3.0940592288971
11.8644065856934,-36.5079345703125
10.546875,-15.8506717681885
1.78571438789368,-35.9281463623047
6.82730913162231,-41.5492935180664
3.6649215221405,-27.9329605102539
9.61538505554199,-15.1419582366943
20.2127666473389,-35.1050682067871
12.5668449401855,-45.566089630127
2.94117641448975,-12.347825050354
13.6986303329468,-51.3601722717285
4.93273544311523,-41.8496360778809
3.24324321746826,-49.3956489562988
3.00751876831055,-50.6969566345215
5.14705896377563,-14.9541292190552
5.35714292526245,-36.3996810913086
18.9473686218262,-49.6244964599609
15.7370519638062,-50.9433975219727
20.6150341033936,-52.2932395935059
30.0211429595947,-57.2877464294434
7.14285755157471,-59.7449913024902
26.1744976043701,-42.5479278564453
22.2222232818604,-29.6414852142334
20.8695640563965,-55.137336730957
13.709677696228,-37.6327743530273
9.5238094329834,-46.3139610290527
13.7391595840454,9.59631633758545
4.48979568481445,-41.5966377258301
6.5514760017395,-35.691593170166
6.31067991256714,16.7352523803711
8.89423084259033,-25.8966217041016
8.33333396911621,-6.55106019973755
5.08565330505371,-2.74626922607422
11.2676057815552,-21.3711853027344
8.90410995483398,-56.8688468933105
2.71493220329285,-27.3972625732422
19.1601047515869,-28.1309013366699
10.6837606430054,-7.95148324966431
1.82648396492004,12.6363639831543
16.3793106079102,-6.21359348297119
1.99004971981049,-63.4556579589844
12.2137403488159,-20.9263858795166
10.3585662841797,-38.6740341186523
21.2470378875732,1.28548741340637
18.4397163391113,9.50920295715332
6.57216453552246,-44.4097328186035
13.6882123947144,-52.5492858886719
10.0478467941284,-52.8761100769043
0.684931516647339,-23.9467849731445
27.8443126678467,-36.548225402832
3.94218111038208,-52.3560218811035
10.5263156890869,-59.1836738586426
2.42718434333801,7.49814224243164
13.357400894165,-60.4677085876465
14.7368412017822,-49.0909118652344
2.47524762153625,0.249689817428589
5.21739101409912,-41.6666641235352
1.8808776140213,1.88284516334534
7.41935443878174,-44.992847442627
6.5989842414856,-16.7224082946777
10.0775194168091,-38.7886581420898
24.2105255126953,-9.8360652923584
9.23694705963135,-56.8660507202148
7.54716968536377,-49.0395469665527
14.5,1.45454406738281
20.8737869262695,-49.4303779602051
25.461742401123,-12.7013626098633
22,-9.38697338104248
27.1559619903564,-30.0138988494873
15.9574460983276,-26.1521987915039
40.0981636047363,-4.50072574615479
30.1724128723145,-52.4618034362793
3.52112698554993,-49.9510269165039
9.5744686126709,-5.5865912437439
21.1382122039795,-46.8972549438477
21.4876022338867,-48.67529296875
7,-33.2655143737793
2.91262149810791,-7.02222156524658
14,-49.7194175720215
4.31034469604492,-9.2173900604248
14.3835620880127,-16.2740917205811
16.7999992370605,-31.2682209014893
18.9743595123291,-8.69458293914795
19.1011238098145,-37.9224014282227
24.1845664978027,-14.0283374786377
16.1073818206787,-71.0302124023438
16.0532779693604,5.67581796646118
10.9489049911499,-49.2810478210449
11.4093961715698,-52.7896995544434
27.5,-52.0325164794922
26.7399272918701,-24.7775497436523
10.1190481185913,-52.087287902832
11.8811883926392,-52.3076934814453
20.7920799255371,-32.2995452880859
8.2926836013794,-4.18502235412598
27.7777786254883,-52.8241882324219
13.0252103805542,-29.4040908813477
24.1087207794189,4.58513069152832
25.4716987609863,-21.1784801483154
30.72776222229,-29.4143161773682
10.2362203598022,-28.1746025085449
29.1262149810791,-49.5295143127441
13.3333339691162,-48.9841995239258
18.4523811340332,-50.4245643615723
22.7083339691162,-27.8688545227051
20,-18.2552509307861
8.44155883789062,-11.7882127761841
32.6530609130859,-51.4563064575195
21.7391300201416,-21.3942832946777
36.3097381591797,0.449427962303162
28.5234889984131,-0.0981688499450684
51.9084930419922,-22.9698429107666
37.6623344421387,-19.8996639251709
18.8573570251465,9.57680511474609
16.326530456543,-0.855919718742371
22.1438636779785,-11.0312995910645
13.1428565979004,-4.20888376235962
23.7527923583984,-30.691385269165
24.8962650299072,-41.3557510375977
35.9278526306152,6.25253009796143
25.3333320617676,-57.7700805664062
28.9929752349854,-12.8770198822021
16.9082126617432,-48.0769233703613
8.4033613204956,-20.8879947662354
13.4259252548218,-17.8104572296143
33.1325302124023,-45.3348617553711
37.6404495239258,-14.453125
3.62117004394531,-26.9094581604004
24.2718448638916,-37.3537368774414
6.02409648895264,-1.20593905448914
21.7142848968506,-34.3689651489258
28.9280471801758,-31.8050746917725
16.8591232299805,-2.13046669960022
18.1208057403564,1.90651869773865
33.0072326660156,-2.49069023132324
21.5590744018555,-9.6319990158081
25.3287582397461,-4.80102729797363
13.9534893035889,-50.7772026062012
19.8876419067383,15.5386743545532
27.1095714569092,-2.41072773933411
6.95364236831665,4.33213138580322
25.8583698272705,-35.233081817627
21.4285717010498,-33.4875144958496
16.8539333343506,-29.6748962402344
13.5964918136597,-43.1930694580078
19.8541679382324,-9.32980728149414
33.7142868041992,-53.8461494445801
22.7586212158203,8.69565010070801
7.77777814865112,-42.1936225891113
25.8731784820557,-33.931827545166
34,-12.5731010437012
25.4207172393799,3.61859655380249
24.0986728668213,10.5968742370605
7.19794321060181,-23.9436626434326
7,5.47085094451904
9.91735553741455,-29.0769214630127
27.0903015136719,-32.7720184326172
27.4431056976318,-54.0192909240723
22.6351356506348,-51.8110198974609
14.38596534729,-57.0640640258789
5.57939910888672,-51.8743629455566
14.2394828796387,-45.857795715332
20.3147354125977,-42.2789115905762
18.9365673065186,-37.8716239929199
9.77596759796143,-40.7357864379883
31.0321273803711,-58.0071220397949
14.4032926559448,-41.5672912597656
23.5586471557617,-28.2720680236816
22.1945133209229,-29.815746307373
6.38297891616821,-15.4306201934814
22.2689075469971,-48.7407417297363
16.6666679382324,-13.4109544754028
19.020715713501,-40.1360549926758
7.86026191711426,-55.2578392028809
15.6398105621338,11.6319417953491
20.796459197998,-22.3031101226807
13.1672592163086,0.446122884750366
25.4146995544434,-24.1569080352783
10.9589042663574,-55.2910041809082
14.8960742950439,-32.2613639831543
6.76691770553589,-44.6088790893555
8.29493141174316,-65.0069122314453
14.2268047332764,-44.3094177246094
23.9299602508545,-44.6653709411621
10.9756097793579,-41.3919410705566
9.05172348022461,-55.4117279052734
21.6216220855713,-38.0211601257324
23.5516376495361,-31.7597618103027
24.6478862762451,-39.9253730773926
28.8888893127441,-54.9593505859375
32.403434753418,-29.2870903015137
11.7092866897583,-25.3128643035889
32,-47.6078414916992
30.6451625823975,-47.6841316223145
6.79245281219482,-70.4789886474609
7.2033896446228,-50.86767578125
31.7073173522949,-57.8452644348145
33.3333358764648,-38.7124443054199
27.2980518341064,-23.6565113067627
30.4794521331787,-36.3268394470215
17.0454540252686,-46.7605667114258
22.4137935638428,-38.136646270752
13.28125,-59.471363067627
18.1818180084229,-3.05102610588074
10.0775194168091,-41.8482322692871
5.14285707473755,-18.8992023468018
7.90861177444458,-36.9906806945801
12.7208490371704,-25.8795776367188
6.29921245574951,-53.9021835327148
15.5913982391357,-31.3461513519287
25.4075317382812,-18.4756889343262
19.4070091247559,-52.2666702270508
31.028938293457,-45.3964195251465
34.1256370544434,-35.5355339050293
14.1025648117065,-35.7478828430176
23.4126987457275,-36.3758392333984
22.6215648651123,-36.8999977111816
20.7581214904785,-34.2573509216309
9.24855422973633,-31.225606918335
25.6890869140625,-23.1291332244873
25.4385986328125,-49.2248077392578
13.043478012085,-43.0311241149902
28.9855060577393,-9.34542560577393
12.6315784454346,-54.3103446960449
5.49450540542603,-57.9816513061523
28.1021900177002,-30.0083808898926
36.0655708312988,-28.7598972320557
26.1437931060791,-29.3432197570801
23.455057144165,-30.6494827270508
23.9243812561035,-24.1316795349121
19.0661468505859,-15.5922441482544
23.9669418334961,-37.0761528015137
22.660099029541,-29.4671802520752
20.9606990814209,-34.329231262207
33.1034469604492,-41.946907043457
9.85915470123291,-61.8348617553711
23.0952377319336,-30.6283531188965
38.461540222168,-53.467845916748
16.804407119751,-2.2861659526825
3.97196269035339,-28.1387157440186
16.3888893127441,-33.5512733459473
12.6696844100952,-41.8049621582031
27.3563213348389,-15.0175304412842
18.6813182830811,-62.4217109680176
18.0327854156494,-8.46063327789307
17.1215877532959,-38.9514656066895
10,-23.5056533813477
23.627685546875,-29.4571514129639
21.5746421813965,-32.0716094970703
21.7948722839355,-48.4210510253906
7.14285755157471,-53.1407890319824
25.2525234222412,-51.5544052124023
10.8695650100708,-62.7104415893555
18.8709678649902,-40.9562110900879
14.226375579834,-31.3118095397949
18.4931507110596,-47.8532371520996
16.0320644378662,-29.7538928985596
1.14503824710846,-47.1003799438477
18.75,-41.3120574951172
29.6296291351318,-35.3159828186035
25.6756744384766,-32.5603561401367
29.3577976226807,-41.7777786254883
15.1770648956299,-38.9263496398926
7.5980396270752,-39.8096771240234
3.4375,-50.1915740966797
16.216215133667,-40.4799156188965
20.3045673370361,-22.724666595459
29.4005718231201,-37.6868476867676
18.5682334899902,-34.0405006408691
18.1818180084229,-50.4366798400879
13.6363639831543,-35.4564743041992
15.7407398223877,-37.0967750549316
26.8085098266602,-42.6347312927246
17.3515968322754,-24.7902011871338
14.0243902206421,-41.7021255493164
25.8241767883301,-25.8662376403809
24.9489402770996,-15.245922088623
22.65625,-12.0772953033447
7.49574089050293,-48.0256156921387
2.30105471611023,-31.9712867736816
2.26969289779663,-41.9188690185547
5.57620811462402,-25.704870223999
2.83505153656006,-55.8375663757324
22.1405220031738,-22.7536945343018
7.44416856765747,-48.4039916992188
19.8044013977051,-34.343864440918
13.2963981628418,-44.6089477539062
22.3300971984863,-59.8477668762207
21.3709678649902,-49.1931648254395
31.0650882720947,-30.1686611175537
26.0709018707275,-29.1435680389404
15.8730163574219,-48.5340728759766
14.2857151031494,-31.4110431671143
33.8244934082031,-15.5502557754517
11.6883115768433,-16.2267093658447
30.0653610229492,-35.6652069091797
12.6760559082031,-21.4915809631348
20,-48.7394981384277
25.1039924621582,-19.2458896636963
21.4659690856934,-33.6516189575195
8.07453346252441,-35.3632469177246
1.90476202964783,-50.3466186523438
22.9381446838379,-32.0643501281738
22.562141418457,-22.4729156494141
10.3448276519775,-52.4423942565918
14.1191701889038,8.3890495300293
13.4831457138062,-25.0159530639648
30.3108806610107,-33.6015548706055
23.9669418334961,-33.146614074707
22.0858898162842,-50.161808013916
17.2118759155273,-38.1655311584473
26.175350189209,-46.6787376403809
8.95522403717041,-48.4464149475098
20.2127666473389,-61.5236282348633
15.7360401153564,-30.6569328308105
15.2892560958862,-38.9370307922363
17.781494140625,-15.1513395309448
18.125,-21.0823211669922
6.87022876739502,-13.9603242874146
22.3684215545654,-33.0637893676758
7.69230794906616,-17.572338104248
9.09090900421143,-40.3596420288086
24.3670883178711,-10.3469085693359
22.6086959838867,-51.7285537719727
22.0588245391846,-36.3153228759766
12.5,-51.4026412963867
18.0722885131836,-18.5499076843262
10.8910884857178,-44.6838073730469
27.2727279663086,-67.8826293945312
43.4782600402832,-42.2844161987305
10.3448276519775,-47.1032752990723
13.4715023040771,-42.3293685913086
16.3742694854736,-25.5150566101074
11.9402980804443,-35.5645179748535
2,-21.7767314910889
34.9624061584473,-26.8424510955811
6.18556690216064,-16.3454132080078
17.79660987854,-43.884449005127
22.1585483551025,-28.9879360198975
17.7464790344238,-33.6040306091309
10.3174600601196,-10.7806701660156
9.74212074279785,-31.8777294158936
24.8523616790771,-23.5949993133545
35.4166641235352,-40.6471176147461
10.7142858505249,-17.4931125640869
19.2488269805908,-37.414966583252
10.1010103225708,-11.20263671875
8.30930995941162,1.38623416423798
2.4390242099762,-48.9408302307129
7.56143712997437,5.65552711486816
5.09383392333984,1.36125385761261
14.1379308700562,-25.0716323852539
6.17760610580444,-45.781364440918
7.75623226165771,-46.6003303527832
12.2831048965454,-17.8530521392822
2.91262149810791,-56.1555099487305
14.6206903457642,-11.2470865249634
11.2765960693359,-4.12445640563965
6.69856452941895,-23.6403999328613
12.5786170959473,15.5660362243652
19.4640331268311,4.31681251525879
5.83941602706909,16.9260711669922
2.35849070549011,-2.09003400802612
14.1414136886597,-44.0550689697266
24.5283031463623,-31.7008018493652
31.1138000488281,-16.0590114593506
15.2317886352539,-22.760290145874
15.0326805114746,-36.052791595459
18.4210529327393,-47.3963851928711
17.9699249267578,-25.9860305786133
19.8090686798096,-39.4424362182617
11.5384616851807,-63.4469680786133
15.0000009536743,-33.0957221984863
15.2317886352539,-6.58108901977539
27.326732635498,-37.8962135314941
8.88888931274414,-15.1754398345947
17.3913040161133,-31.5157108306885
18.4899845123291,1.49581289291382
22.5352115631104,-53.9310340881348
5.20833301544189,-45.6456451416016
12.6718473434448,20.0601272583008
4.7619047164917,8.18858432769775
14.2322092056274,6.47082185745239
3.2544379234314,-67.8147277832031
7.64119625091553,-22.9490051269531
7.02439022064209,6.4657392501831
31.9672145843506,-76.2470321655273
5.7142858505249,-39.8260879516602
27.4020099639893,10.4597120285034
1.59574472904205,-52.7581329345703
18.3006534576416,6.62719774246216
1.80995488166809,9.12124824523926
9.83384132385254,4.9759373664856
2.82776355743408,13.6160697937012
0.763358771800995,10.4252367019653
0.78125,45.607479095459
3.34365320205688,14.9818983078003
1.38888895511627,-61.9521903991699
7.125,-16.8794326782227
15.7894725799561,-26.5569915771484
2.72108840942383,43.7894744873047
11.6582918167114,18.6268272399902
26.3157901763916,-9.36937046051025
40.2145233154297,-10.4443092346191
14.7186145782471,-20.547945022583
20.3097076416016,-0.173190236091614
26.9841289520264,-18.9535522460938
41.3461532592773,0.355872511863708
31.5789451599121,-7.39495754241943
8.65384674072266,-49.432315826416
27.5999984741211,-24.1212635040283
9.17431163787842,-34.2288551330566
20.5223865509033,-39.142505645752
23.0337085723877,-18.9788570404053
18.4914836883545,2.46423196792603
24.1666660308838,-57.8384399414062
13.0136985778809,-51.1984634399414
11.5384616851807,-48.3159103393555
16.6666679382324,-39.1862945556641
23.5749855041504,-28.7969360351562
3.4682080745697,-41.7950439453125
28.7769794464111,-52.1087188720703
41.7659950256348,-11.6696643829346
14.4444446563721,-17.4679489135742
22.4264717102051,-49.8394355773926
14.6226425170898,1.3950526714325
10.2272729873657,-35.0220260620117
24.1758251190186,-52.1137046813965
15.5038757324219,-16.2055339813232
19.5945949554443,7.19512271881104
15.3225812911987,-34.5410614013672
29.3269214630127,-34.3188400268555
23.8636360168457,-34.1257667541504
18.75,-58.9861755371094
5.08474540710449,-59.7160568237305
34.5622138977051,-54.4408378601074
20.2531642913818,-38.0380401611328
28.4375019073486,-36.79638671875
20.7920799255371,-39.3590774536133
24.2857151031494,-36.338981628418
2.4390242099762,-0.52015483379364
23.69899559021,-9.28780555725098
18.0722885131836,-50.7743377685547
19.589656829834,-7.37447309494019
18.2481746673584,-52.3591384887695
18.9944133758545,-44.489631652832
16.3218402862549,0.573249161243439
19.4736843109131,-27.4400444030762
15.3761920928955,3.96284461021423
7.73480701446533,-39.9841041564941
12.5,-37.1725158691406
8.61486530303955,-6.0516300201416
5.44217681884766,-48.8636360168457
17.8807945251465,-4.58256006240845
5.51724147796631,-41.7159767150879
12.7819557189941,-35.7938690185547
20.7485771179199,-21.908561706543
22.3300971984863,-43.9980621337891
19.8610305786133,-38.9347305297852
14.3790855407715,-43.2964324951172
19.7916679382324,-34.1511917114258
27.0731716156006,-25.6729393005371
28.0130290985107,-17.0167064666748
6.6666669845581,-47.1498947143555
7.69230794906616,-50.3964729309082
3.37078642845154,-61.4843711853027
18.1451625823975,-23.9273376464844
4.49438190460205,-46.2876243591309
13.7681159973145,-32.8725967407227
20.2380962371826,-40.0252532958984
9.34579467773438,-40.4356079101562
8.59375,-27.0397834777832
14.2857151031494,-36.6628189086914
40.481372833252,-12.0569181442261
4.30107545852661,-41.7486343383789
4.27807474136353,-24.763542175293
16.6666679382324,-10.2386627197266
10.9243698120117,-4.0574803352356
18.0851058959961,-25.8600234985352
15.0000009536743,-46.0076026916504
16.6026134490967,-17.3045272827148
7.62331867218018,-41.3093414306641
15.2173910140991,-43.4549369812012
23.529411315918,-41.6279067993164
22.7814903259277,-11.6529970169067
10.9289617538452,-14.5043611526489
9.375,-10.8975830078125
15.3267784118652,-5.23269462585449
20.0283699035645,-3.5487904548645
25.7525081634521,-46.6216201782227
25.9459457397461,-56.2114524841309
28,-41.7067337036133
28.7234039306641,-46.7403755187988
16.1016960144043,-44.4093475341797
7.14285755157471,1.55555605888367
11.5789470672607,-45.2328147888184
14.7286815643311,-36.926830291748
33.1852798461914,-30.9956970214844
13.6363639831543,-38.7379455566406
22.8571434020996,-38.9641418457031
24.1022529602051,-33.0197410583496
17.1875,-21.7422103881836
18.3908042907715,-52.7874526977539
27.0396270751953,-25.2087821960449
50.9339981079102,-26.7306594848633
10.9489049911499,-36.0080261230469
20.3125,-46.7735786437988
22.72727394104,-50.1584777832031
29.4032039642334,-30.2800922393799
21.4285717010498,-30.0703773498535
17.5824184417725,-51.6106414794922
35.8208961486816,-45.2554740905762
21.0837440490723,-36.4818687438965
5.40540552139282,-54.1666679382324
37.5912399291992,-55.0949020385742
19.906322479248,-38.2808456420898
15.2380962371826,-47.1240119934082
24.8226947784424,-31.3662948608398
25.2631568908691,-37.8016090393066
24.7191009521484,-47.7153587341309
23.2835807800293,-27.3246593475342
14.529914855957,-71.5421295166016
11.4285717010498,-63.6467933654785
18.5792350769043,12.2009544372559
23.489933013916,-48.8108711242676
20.338981628418,-56.553394317627
19.3972187042236,-15.3389472961426
29.8245601654053,-38.5996932983398
21.9512195587158,5.77933216094971
18.4210529327393,-27.1849594116211
18.9054718017578,-63.858699798584
23.930269241333,-30.7963542938232
12.2905035018921,-24.3538761138916
21.9339618682861,-44.4785308837891
35.7798156738281,-37.4140281677246
10.2941179275513,4.52488946914673
15.8730163574219,4.3352575302124
23.5955066680908,10.1210117340088
12.5581398010254,7.86516666412354
13.6363639831543,1.19403004646301
17.8451175689697,-40.4747009277344
1.75438594818115,-16.2686557769775
9.5238094329834,-49.3498039245605
10.2803735733032,6.95807361602783
20.1030921936035,0.237718224525452
19.8347110748291,0.61957836151123
26.060604095459,-0.378173589706421
30.8441543579102,-46.5486717224121
1.09890115261078,-52.494327545166
8.94308948516846,-43.3333320617676
13.6742639541626,13.1986083984375
7.18562889099121,-30.2455368041992
2.90697693824768,-48.5639686584473
4.16666698455811,-10.9979629516602
3.82165622711182,-3.66132855415344
5,-6.78438711166382
1.70940184593201,-3.92638158798218
21.3646965026855,3.16134977340698
4.65116262435913,-11.0451307296753
5.74712657928467,-45.0717735290527
22.1649475097656,-1.64092481136322
11.2338857650757,-29.394287109375
22.4637680053711,-46.785717010498
22.6277370452881,7.07434129714966
7.18954277038574,-34.0548324584961
7.52688217163086,-38.4931488037109
16.7832164764404,8.00915336608887
20.7951068878174,-21.8637008666992
15.8450708389282,-45.4545478820801
15.625,-16.6762523651123
12.2905035018921,-27.4553565979004
1.82926821708679,0.469481945037842
22.5122356414795,-2.20866799354553
17.7083320617676,-53.5365867614746
13.0750608444214,-18.7168617248535
2.59740257263184,-28.3121585845947
6.3636360168457,-43.3155097961426
2.00803208351135,10.4308395385742
3.27868843078613,-0.96069872379303
7.55102062225342,-0.426051020622253
18.6119861602783,-38.5585594177246
7.79220771789551,-32.749324798584
20,-40.6794624328613
23.1788082122803,-31.3775501251221
3.96039605140686,-28.9127864837646
7.80141878128052,-26.2144050598145
5.30973434448242,-19.5530738830566
18.23899269104,-39.1304359436035
11.764705657959,-50.6269569396973
11.1111116409302,-12.7715034484863
13.5135126113892,-36.1792945861816
14.6341457366943,-22.3606147766113
16.470588684082,-32.1810188293457
23.8095245361328,-52.4559783935547
7.74193572998047,-28.9915981292725
14.0625,-42.0338973999023
16.0305328369141,-33.048526763916
21.1111106872559,-60.1098899841309
19.8347110748291,-42.3994522094727
10.9589042663574,-33.7209281921387
34.0101509094238,-40.8762054443359
15.3846158981323,-27.9342708587646
31.1111125946045,-32.2709159851074
14.1891899108887,-29.3080921173096
19.4805183410645,-40.0311546325684
19.7755966186523,-34.6726188659668
13.1249990463257,-59.1404724121094
21.7391300201416,-28.6404438018799
26.0162582397461,-38.2641181945801
26.6666679382324,-27.7726001739502
10.5960264205933,-46.1320381164551
15.5339803695679,-17.791410446167
30.6666679382324,-55.5266571044922
24.3055553436279,-42.3234596252441
27.2058811187744,-42.3545379638672
22.6277370452881,-37.160327911377
20.3007526397705,-53.3487319946289
25.6666660308838,-47.2894477844238
13.9240503311157,-52.8409118652344
6.30252122879028,-21.1286697387695
11.4893617630005,-40.1965866088867
14.6198825836182,-4.23611116409302
14.6551723480225,-37.1133995056152
9.30232524871826,-5.63991355895996
12.5874128341675,-50.0792427062988
3.2467532157898,-28.6670093536377
20.6798858642578,-23.4232921600342
14.4827585220337,-22.7342548370361
13.6986303329468,-32.6086921691895
22.6666679382324,-38.6440658569336
11.0576915740967,-16.1740989685059
22.6755332946777,-12.3483438491821
37.5,-49.1180458068848
12.5748500823975,-51.8825302124023
12.0481929779053,-30.6295394897461
7.61904811859131,-25.8395519256592
19.8830413818359,-36.9038314819336
11.5789470672607,-58.2191772460938
7.22021675109863,-54.0410118103027
21.1347522735596,-38.3614463806152
17.6470584869385,-49.4033393859863
15.517240524292,-53.9693603515625
5.68181848526001,-23.2343902587891
21.9780216217041,-44.384105682373
11.8110237121582,-53.0156860351562
14.4549760818481,-54.0305557250977
20.5128211975098,-51.8939361572266
8.52017879486084,-52.8600234985352
16.3605995178223,-36.705020904541
12.2093019485474,-46.8421058654785
20.8661422729492,-49.4628295898438
15.9822416305542,-33.8139152526855
6.80272150039673,-53.8778305053711
10.9243698120117,-49.8819808959961
13.2420091629028,-47.6546669006348
21.9594593048096,-34.9650344848633
2.77777791023254,-56.7832183837891
14.2857151031494,-28.0590705871582
18.75,-52.5062675476074
18.1081085205078,-55.2907180786133
33.673469543457,-36.7404594421387
4.86787223815918,-58.5932312011719
6.95796251296997,-35.8057899475098
6.3636360168457,-31.4453125
15.0201816558838,15.1085720062256
12.2018356323242,-44.5940170288086
7.92951488494873,1.48809254169464
10.3092784881592,-49.4687156677246
8.51272010803223,-60.7517776489258
22.5694446563721,-50.4176139831543
1.69491529464722,-44.3452377319336
18.6385726928711,-10.955961227417
5,-35.6413192749023
15.8522500991821,0.558283925056458
4.95594692230225,-59.6286468505859
8.67346954345703,-42.4749183654785
15.5029582977295,25.6566219329834
8.15217399597168,-48.6427764892578
3.6253776550293,-1.18662416934967
7.89473628997803,0.632911920547485
6.60377359390259,-4.0863184928894
4.01891231536865,-44.6357612609863
3.96659708023071,-59.9294967651367
22.3214282989502,-51.7241363525391
12.8504676818848,18.6172847747803
5.83941602706909,9.92248058319092
8.22890567779541,0.330153107643127
38.1350860595703,-10.3888807296753
17.8217830657959,-10.1283235549927
11.6666669845581,-5.69225120544434
13.5802459716797,-29.6762580871582
23.5164833068848,-17.0360717773438
24.5933818817139,14.3049373626709
15.450644493103,-28.455883026123
12.9496393203735,-7.90103673934937
22.761905670166,-32.9249610900879
13.7931032180786,15.6700401306152
13.008129119873,-10.3536977767944
37.0390739440918,-24.1490020751953
17.791410446167,-35.2528076171875
35.9778594970703,-26.6101722717285
13.3333339691162,-39.671932220459
6.74157285690308,-49.5137023925781
9.09090900421143,-31.953031539917
15.3846158981323,-30.3709411621094
22.287389755249,-31.7104988098145
21.9795532226562,-31.4518699645996
16.5217380523682,-41.6832313537598
19.1780815124512,-28.2752132415771
29.6703300476074,-41.0894927978516
18.0722885131836,-53.341739654541
17.8343944549561,-9.31414031982422
18.3544311523438,-33.1015281677246
5.7142858505249,-48.9709434509277
20.6106872558594,-34.4900856018066
27.659574508667,-31.8558540344238
19.6428565979004,-38.4930419921875
11.5384616851807,-52.8428077697754
8.69565200805664,-35.7195053100586
20.9327545166016,-33.2130661010742
43.2258071899414,-8.60979557037354
9.48275852203369,2.0966796875
1.6233766078949,-32.7154769897461
1.89573466777802,-68.037971496582
4.96453905105591,-48.7767562866211
6.87285232543945,8.57843208312988
35.1925659179688,-39.2734756469727
31.25,-19.9818325042725
5.87219333648682,-3.36960554122925
33.2129974365234,6.68824005126953
12.9963903427124,-36.4905891418457
26.132080078125,4.28682851791382
10.6623592376709,-15.8490571975708
7.08955240249634,-3.24551153182983
20.8713970184326,-20.2331943511963
10.0628929138184,99.0510101318359
26.3291149139404,-7.69481658935547
9.27152347564697,8.97436141967773
6.64206647872925,-7.73480844497681
11.0134735107422,-11.4965705871582
25.3086414337158,-34.3883666992188
24.4498767852783,-17.0653114318848
2.61437916755676,-3.72526359558105
3.00751876831055,-8.33333396911621
6.4971752166748,5.00303220748901
20.9497222900391,-48.3464050292969
18.3807430267334,-15.1285057067871
16.7832164764404,17.4917488098145
33.2930335998535,-9.4559850692749
3.29670357704163,49.4449157714844
24.8756217956543,-52.6795921325684
8.62068939208984,35.135139465332
25.2427196502686,-38.4377403259277
16.216215133667,-12.5939846038818
20.5882358551025,0.899279117584229
22.2222232818604,-27.7867527008057
48.0916023254395,3.82095861434937
5.40540552139282,-6.39313173294067
26.2996940612793,-7.46081447601318
10.8208951950073,-10.5731220245361
10.7981224060059,-20.5649719238281
20.7520885467529,-26.7140331268311
27.2093029022217,-58.4249076843262
20.2777767181396,-48.0456008911133
13.7426900863647,-53.9568367004395
28.9136028289795,0.646635890007019
29.0030212402344,-32.5217399597168
17.4282684326172,-13.8840732574463
26.9230785369873,-41.3489723205566
2.32558131217957,1.69491469860077
29.2798728942871,12.144681930542
3.13725519180298,-13.1147565841675
9.1666669845581,-5.62837409973145
10.8695650100708,-4.23011779785156
9.92907810211182,22.3580780029297
13.6302289962769,-20.9168071746826
5.26315784454346,8.669358253479
9.15371322631836,-14.290976524353
14.598539352417,-6.56698322296143
3.52112698554993,31.0439529418945
30.2631587982178,-34.3495941162109
8.47457695007324,-36.5329513549805
2.98013234138489,-9.41860675811768
4.94736862182617,-33.6054458618164
7.08502006530762,-15.9388628005981
12.0521173477173,-8.77659320831299
3.35195541381836,-40.5829620361328
25.943395614624,1.73737406730652
11.325966835022,-37.4609756469727
20.2961139678955,-2.03045892715454
25.3333320617676,-21.1180114746094
13.0968618392944,-13.651198387146
5.97014904022217,-9.23566818237305
15.261043548584,16.1562824249268
21.4285717010498,-46.2885131835938
9.21409225463867,-49.3175582885742
4.98338842391968,20.6022167205811
22.3340034484863,-21.531322479248
15.0000009536743,1.97775065898895
11.8343200683594,-57.6635551452637
13.5313529968262,-14.4029836654663
15.0349645614624,-11.3377332687378
11.9496850967407,-37.947021484375
17.1497573852539,-16.7240715026855
6.86274528503418,-37.1545562744141
26.3513507843018,-34.4063568115234
38.0995712280273,-6.6363320350647
22.7142848968506,-24.754940032959
9.66850852966309,-10.2931137084961
20.4347820281982,-7.76649713516235
15.1515159606934,-38.6554641723633
24.0853652954102,-35.0842399597168
13.4782609939575,-16.6810722351074
19.8275871276855,-40.5811653137207
21.8340606689453,-32.687385559082
20,-27.3517513275146
32.2388038635254,-46.9346733093262
8.69565200805664,-25.828727722168
25.2252254486084,-30.267858505249
9.09090900421143,-61.3065299987793
31.2765960693359,-25.7049198150635
33.2167816162109,-29.245662689209
17.1270713806152,-59.946949005127
16.0919551849365,-36.5039863586426
7.19999980926514,-26.5331649780273
20.5309734344482,-35.1666984558105
37.974681854248,-49.8368721008301
1.86046504974365,-56.0503349304199
13.4174318313599,-19.9311943054199
12.717869758606,-0.254398584365845
20.4030227661133,-25.5972690582275
16.3551406860352,-6.04751682281494
19.742488861084,-45.2108764648438
5.11627912521362,-6.85185480117798
22.3109073638916,-18.4409103393555
11.7302055358887,-7.53747224807739
4.54545450210571,-48.5164375305176
10.8108110427856,-49.3051338195801
11.3622722625732,-10.1926832199097
1.85185182094574,-33.8865852355957
15.2031450271606,-5.87872552871704
4.64396286010742,-3.75088739395142
4.5238094329834,-16.0647563934326
1.69491529464722,-14.6341457366943
10.3597116470337,-25.7687091827393
12.125922203064,-0.486338138580322
3.68663597106934,-52.0467834472656
11.290322303772,-18.9910984039307
8.93371772766113,-9.83783912658691
13.5599088668823,5.36960983276367
6.0402684211731,-27.3788146972656
15.3488368988037,-38.476432800293
26.6736392974854,-4.75910902023315
23.1275310516357,-19.5590171813965
3.72340416908264,21.9544830322266
6.39534902572632,-50.0818367004395
24.8421058654785,-21.6108455657959
17.9104480743408,-14.0951690673828
21.8390808105469,-31.6384201049805
21.8390808105469,-40.5260314941406
32.5714302062988,-15.8451614379883
33.8501319885254,-40.8602142333984
8.67346954345703,-30.1287536621094
34.5411033630371,-13.6314277648926
35.3051643371582,-28.0599060058594
29.0322570800781,-43.6849937438965
16.2011184692383,-19.8014030456543
17.5182476043701,5.59305858612061
24.2000007629395,-19.0801048278809
25.1937980651855,-37.6301727294922
30.5872058868408,-37.5446968078613
28.2142848968506,-32.3680038452148
22.2222232818604,-7.87689113616943
1.68067240715027,-3.60205769538879
19.6850395202637,-52.9076385498047
30.9977836608887,-11.7314157485962
23.5897445678711,-9.44510078430176
24.5689659118652,-27.2793598175049
6.40668487548828,-20.7547187805176
9.96309947967529,-6.6518874168396
12.3861570358276,-45.3488388061523
12.8755359649658,-59.3637008666992
7.86026191711426,-59.7887878417969
7.75193786621094,-27.5340404510498
23.9789199829102,-47.8471488952637
33.8403053283691,-11.1154441833496
14.9193553924561,-56.5281867980957
12.3336744308472,-20.3107757568359
7.56676578521729,-73.3374786376953
9.03194808959961,-40.6881103515625
3.31325316429138,-51.2387390136719
11.5384616851807,-50.5237693786621
3.80952405929565,-5.02958297729492
9.91735553741455,-30.9618434906006
24.7278385162354,-25.4627265930176
12.2249383926392,-4.23940134048462
14.3911437988281,-28.0689353942871
19.4379386901855,-10.5135917663574
18.2773113250732,-8.45610523223877
25.4385986328125,-27.0344085693359
14.65797996521,-35.3452224731445
18.4588851928711,-42.5684051513672
10.7344636917114,0.678077340126038
17.6820201873779,-15.691125869751
3.01003336906433,0.486448407173157
7.89473628997803,-36.6976013183594
1.6233766078949,-8.13558959960938
9.1240873336792,-48.8235282897949
1.98412704467773,-39.658634185791
20.8333320617676,-66.8866424560547
18.3828601837158,-49.4924468994141
11.1420612335205,-52.5065956115723
18.9122371673584,-51.7843971252441
8.51063823699951,-50.4795074462891
12.7659578323364,-52.8489303588867
14.2144632339478,-41.1352500915527
7.17557239532471,-36.5112419128418
10.4878044128418,-60.1750564575195
20.3143901824951,-54.1449432373047
14.705883026123,-41.4984092712402
25.2664566040039,-20.8099670410156
18.061674118042,-34.1999969482422
7.31707286834717,0.548110902309418
9.32475852966309,-62.7988090515137
27.0498104095459,-3.70623469352722
36.8834075927734,-14.8609313964844
24.2773456573486,-28.5993995666504
19.7183094024658,-53.7427139282227
18.6363639831543,-45.3576316833496
9.40438842773438,-34.4398345947266
15.0039911270142,-48.4825134277344
13.0841121673584,-79.7737503051758
16.3141994476318,-56.3551406860352
11.4624509811401,-49.4791641235352
17.9552268981934,-10.2627649307251
16.7999992370605,-35.7142868041992
12.9533681869507,-33.6439437866211
13.0034227371216,-13.8419895172119
11.4583339691162,-36.4368858337402
10.9170303344727,-32.0610694885254
17.3333339691162,-45.1960029602051
14.2241373062134,-35.5271186828613
16.5919284820557,-51.9770431518555
24.5,-54.1871948242188
23.55442237854,-53.6079597473145
8.81670570373535,-36.4837799072266
6.56716442108154,-52.8681259155273
24.0853652954102,-41.8435020446777
8.73786449432373,-21.7721500396729
8.09248542785645,-11.7647066116333
27.7533054351807,-53.3155097961426
26.2357406616211,-38.294490814209
17.8667316436768,-33.4436531066895
19.4630870819092,-29.8765411376953
23,-32.8370552062988
14.4230766296387,-57.1814651489258
33.70166015625,-36.9446601867676
31.8181819915771,-39.705883026123
37.3584899902344,-50.0649642944336
11.8110237121582,-72.9824600219727
33.3333358764648,-41.6862449645996
28.2442741394043,-70.6170425415039
26.0869560241699,-37.3134346008301
5.17241382598877,-35.0157737731934
16.9354839324951,-62.0402526855469
19.7492160797119,-48.7922668457031
24.3055553436279,-38.0158729553223
16.4285717010498,-30.6156387329102
15.6716423034668,-30.4214572906494
50,-53.839038848877
15.7575759887695,-24.1407508850098
9.38967132568359,-3.37609648704529
12.9411773681641,-64.5004806518555
37.3302154541016,-19.156063079834
24.2424240112305,-51.3609466552734
23.7410068511963,-42.1983108520508
27.0531387329102,-46.8187255859375
33.9498023986816,-27.5832405090332
21.5938301086426,-30.6550235748291
24.2424240112305,-40.7079658508301
36.3389205932617,-46.6144638061523
17.5675678253174,-10.3425998687744
40,-41.7758369445801
27.3504295349121,-6.33484411239624
32.8326148986816,-50.7254295349121
15.7894725799561,-34.3367805480957
9.8360652923584,-49.6206359863281
22.4000015258789,-51.7919082641602
13.966480255127,7.791015625
34.3220367431641,-22.7310562133789
46.4632453918457,-50.5290985107422
20,-49.4890556335449
9.85221672058105,-55.6509323120117
9.38967132568359,-35.6568374633789
14.3459911346436,-40.3508758544922
11.2244892120361,-52.5809288024902
4.74137926101685,-54.4580383300781
13.7931032180786,-53.3730201721191
29.452054977417,16.7958641052246
10.6537532806396,-46.4143409729004
5.46448087692261,-4.21768712997437
12.6213598251343,-37.5389442443848
10.3448276519775,-44.0305633544922
35.3276329040527,-28.3349571228027
34.9291458129883,-53.1817016601562
26.7100982666016,-30.6691436767578
39.6992492675781,-43.7448616027832
26.9532051086426,-23.4154319763184
13.9837923049927,13.1464557647705
25.0702133178711,-0.698739290237427
44.211856842041,-42.723388671875
21.8487987518311,11.0342454910278
46.2266159057617,-21.0417633056641
23.2176189422607,3.4665675163269
20.5065002441406,11.2877578735352
13.2571544647217,-3.05823230743408
9.22978973388672,-12.3123111724854
11.4644346237183,-6.67116641998291
26.1732845306396,-39.2046852111816
34.4188346862793,-33.5751647949219
25.7301807403564,-32.2586708068848
24.0675582885742,-13.6981143951416
23.5527362823486,-19.4805202484131
23.7520980834961,3.04794597625732
18.0055389404297,-19.2606983184814
15.9763307571411,-34.9358978271484
17.8217830657959,-43.9972724914551
22.4586296081543,-17.5399990081787
34.669261932373,-4.65754413604736
12.4501619338989,17.3136138916016
13.0252103805542,-16.3969802856445
22.597827911377,3.95006394386292
31.6858520507812,-7.01400327682495
15.195351600647,14.9790124893188
4.69387769699097,2.69922757148743
8.34753036499023,-19.7944812774658
7.85219383239746,8.61472320556641
4.53201961517334,-7.97968673706055
5.09193754196167,-5.9940071105957
25.4684352874756,0.656086206436157
38.2541847229004,-12.1295471191406
20.5350227355957,14.3155288696289
9.01639270782471,20.6890850067139
26.6161231994629,5.34572458267212
17.258544921875,-13.8739643096924
30.340238571167,-13.7483911514282
18.9994659423828,10.0139598846436
25.0704231262207,-21.7279739379883
32.6646041870117,0.820395350456238
34.4537811279297,-31.0920352935791
28.5714302062988,-47.8751068115234
15.1898727416992,-20.9450817108154
18,-51.568229675293
22.8823757171631,-5.7442455291748
11.5,-37.6033058166504
24.3478260040283,-39.007682800293
26.1410808563232,-40.1785697937012
35.8108100891113,-30.7965106964111
20.2380962371826,-44.8223724365234
31.7196006774902,-10.2542610168457
7.18937683105469,44.7858467102051
19.1964282989502,7.12783479690552
7.92926406860352,5.4863395690918
21.2358207702637,18.804838180542
17.7211303710938,-4.05027866363525
14.9835348129272,-3.14785528182983
17.4413452148438,14.9932746887207
11.6279077529907,-2.64331245422363
30.5020236968994,4.87707996368408
21.5442008972168,-5.63791847229004
15.261043548584,-48.9205703735352
20.6349201202393,-35.3337821960449
24.5263690948486,-25.4274940490723
36.3469123840332,-21.693811416626
8.11965847015381,-50.8801803588867
9.40170955657959,-41.8128662109375
13.1147537231445,-33.9037437438965
14.2857151031494,-51.9565773010254
7.90377998352051,-16.2698421478271
23.4336280822754,-30.2516899108887
14.5833330154419,-46.598201751709
11.2068967819214,-41.9439582824707
6.4971752166748,-49.0842475891113
5.72519063949585,-25.0668468475342
22.2222232818604,-46.9021606445312
31.7788848876953,-12.4045944213867
29.4251956939697,-18.017650604248
27.1788368225098,-20.7812213897705
38.5964889526367,-46.1994514465332
30.1408443450928,-42.5465049743652
25.1314392089844,-28.7032928466797
10.9523811340332,-53.4296035766602
26.7441864013672,-35.0921287536621
25.461254119873,-48.2241287231445
12.1212120056152,-35.2159461975098
34.7181015014648,-39.858097076416
2.49221181869507,-48.2602119445801
41.7322845458984,-33.0407524108887
28.0157833099365,-13.2935466766357
15.3357534408569,-19.3590316772461
32.5732879638672,-27.3686046600342
37.2340393066406,-35.2710113525391
33.3333358764648,-40.4576187133789
25.5670280456543,-17.0446815490723
13.7755098342896,-49.0695686340332
14.6964864730835,9.53249454498291
14.6938772201538,-47.9326171875
17.7570095062256,-42.9992904663086
13.8528137207031,-45.3132171630859
16.5517234802246,-27.9681053161621
8.33333396911621,-36.9426727294922
11.0824737548828,-42.5095176696777
10.8050842285156,-27.9211368560791
23.6706695556641,-41.9399528503418
23.912992477417,-18.2193717956543
13.3333339691162,-44.1431655883789
17.7000007629395,-27.2378540039062
16.8560600280762,-43.1197471618652
19.7802200317383,-46.6507148742676
13.4453792572021,-33.8028182983398
28.5310745239258,-47.9723510742188
7.38916254043579,-38.483757019043
12.2448978424072,-47.247486114502
3.92156887054443,-57.0877532958984
20.065788269043,-42.713565826416
12.3287668228149,-37.042610168457
12.4528303146362,-45.7331733703613
18.3987674713135,-37.5298881530762
6.50406455993652,-5.79122924804688
27.6695251464844,-29.8857650756836
13.8059701919556,-53.4634780883789
11.6788320541382,-42.0271110534668
20.4630794525146,-20.936559677124
12.037036895752,-34.2146186828613
19.8113212585449,-44.6579551696777
8.48484897613525,-57.107234954834
11.6279077529907,-18.4867382049561
17.79660987854,-49.6325988769531
14.5454540252686,-46.3467025756836
22.123893737793,-52.3178825378418
17.0731716156006,-35.9125785827637
23.2960319519043,-29.1687660217285
21.5162448883057,-27.7034168243408
3.95683455467224,-33.052791595459
18.2829189300537,-29.2141075134277
6.53266334533691,-45.9195404052734
7.53768825531006,-52.185791015625
14.1430940628052,-21.2911891937256
5.7142858505249,-26.9787254333496
6.74157285690308,-51.9804191589355
10.9813089370728,-34.6494216918945
6.37254953384399,-55.8333320617676
10.5263156890869,-69.7418975830078
27.1951236724854,-37.196605682373
10,-8.5013599395752
19.1394653320312,-26.3397960662842
13.5048227310181,-9.9479169845581
19.1810340881348,-9.54821586608887
13.5888500213623,-32.3139038085938
5.33333349227905,-47.3626327514648
4.63320446014404,-1.32802128791809
9.25925922393799,7.96586275100708
3.68098163604736,2.17283964157104
10.5442171096802,-3.00913453102112
16.6666679382324,-36.9894104003906
23.311897277832,-3.10118198394775
21.3636360168457,-46.1190147399902
6.32008171081543,-49.6544494628906
8.62068939208984,-53.1850357055664
18.6084136962891,4.30463552474976
20.2404804229736,-0.891384482383728
14.1592922210693,-6.9298267364502
7.00280141830444,-21.1527042388916
6.89655160903931,4.45660638809204
11.2359552383423,-31.4871788024902
2.03045678138733,-21.0103340148926
11.2440195083618,5.19951581954956
32.0388336181641,-50.4635734558105
5.20231199264526,-52.2263450622559
17.7709674835205,-12.1690406799316
16,3.70370435714722
9.34065914154053,-54.0482940673828
1.4084507226944,-5.25087404251099
16.6051654815674,-51.9285736083984
9.4240837097168,-24.0252895355225
28.5781536102295,-8.85881233215332
28.3783798217773,-61.3620986938477
15.8163261413574,-48.3474998474121
43.4482765197754,9.8475980758667
5.84795331954956,-3.77733707427979
17.2764225006104,-56.7493095397949
8.68347358703613,4.31913423538208
1.19521915912628,6.26566696166992
3.80952405929565,9.83477783203125
7.63358783721924,-48.1564254760742
2.35849070549011,-1.92000126838684
2.99145293235779,-11.3787384033203
0.588235318660736,4.94791555404663
2.5,27.0188217163086
6.2962965965271,6.27118349075317
2.77777791023254,-21.1075458526611
17.96875,0.34153163433075
9.09090900421143,8.317214012146
27.8890609741211,-32.1534805297852
10.5263156890869,-65.5685424804688
2.52808976173401,8.08950042724609
18.6629524230957,-35.0389060974121
11.0041265487671,-54.0257949829102
5.06072854995728,-48.8180122375488
17.9814376831055,-33.2760925292969
11.2932605743408,5.8458833694458
5.39682531356812,11.0888452529907
9.97679805755615,15.1070327758789
12.582781791687,-30.8545341491699
19.1919193267822,-32.4281578063965
19.9695625305176,8.78412914276123
27.0588245391846,-44.4253845214844
26.1042175292969,-3.37516808509827
19.8170738220215,-40.4963607788086
25.6880722045898,-10.5820112228394
8.95522403717041,-3.70786786079407
12.1387281417847,-45.1340408325195
33.5106353759766,-41.2292823791504
22.9166679382324,-18.5
9.31676959991455,-1.81086659431458
13.6904764175415,-8.39161014556885
16.042781829834,-5.97014713287354
20.465181350708,-0.925534963607788
37.9310340881348,-55.5256080627441
9.41176509857178,-5.05928707122803
22.1428565979004,-17.7381896972656
32.5581398010254,-22.5048923492432
29.9465236663818,-1.4899730682373
27.1317844390869,-9.73936748504639
7.02811241149902,-52.2444534301758
18.9054718017578,-50.5608253479004
30.7984790802002,-34.4246940612793
4.02684545516968,-50.1315765380859
16.560510635376,-48.4848480224609
5.62770557403564,-41.6184959411621
15.277777671814,-6.0213131904602
30.7478675842285,-24.4968566894531
23.5008106231689,-6.63492965698242
28.1690158843994,-29.2571983337402
30.3149604797363,-36.0329437255859
20.5714282989502,-52.1343154907227
5.9523811340332,-27.1866283416748
16.6666679382324,-31.2279472351074
21.0843372344971,-53.4960441589355
14.1342754364014,-59.7178688049316
24.0740737915039,-49.512378692627
15.4716987609863,-50.7374572753906
19.5348834991455,-27.174446105957
20.4081630706787,-15.6033058166504
10.7142858505249,-53.5632209777832
17.1717166900635,-46.439022064209
14.5454540252686,-56.5745887756348
19.5075759887695,-20.2646236419678
34.822021484375,-18.9868717193604
19.4871807098389,-34.4657516479492
14.0350875854492,-31.2406578063965
14.2857151031494,-35.7967681884766
5.48780488967896,-12.1525545120239
16.684154510498,-50.1604423522949
10.242377281189,-31.5505542755127
8.87574005126953,6.51709461212158
18.269229888916,-47.075740814209
8.6614179611206,-48.1363182067871
24.352331161499,-5.89101600646973
8.06451606750488,-44.4262313842773
5.78034687042236,8.99898719787598
6.77966117858887,-8.81953811645508
23.3595809936523,-26.6574058532715
9.93788814544678,-20.4130268096924
30.5418739318848,-29.1518173217773
7.78443145751953,-48.2204360961914
25.7197322845459,5.47870111465454
9.85507202148438,-9.70350170135498
4.19847345352173,12.6805782318115
15.3545017242432,-3.05801916122437
18.0722885131836,29.4285736083984
30.3571434020996,-25.6598243713379
11.7948722839355,-38.5430450439453
11.3207550048828,-47.9150314331055
28.3116874694824,-31.0301723480225
5.8997049331665,-10.4709415435791
8.59375,-5.88760089874268
29.8672561645508,-28.5584964752197
8.02469062805176,25.9206085205078
2.94117641448975,-51.664608001709
25.0473747253418,5.85871934890747
25.2475261688232,-23.2489128112793
9.21052646636963,-35.0237731933594
11.6883115768433,-18.4438056945801
8.33333396911621,-6.26992893218994
20,-16.5207901000977
18.269229888916,-19.1797351837158
15.0684938430786,-37.7428321838379
16.3498096466064,-10.6842756271362
31.8347511291504,-41.561336517334
26.4615383148193,-2.09267592430115
20.9424076080322,-7.82454013824463
26.4206848144531,5.09803295135498
25.1162796020508,9.11063003540039
20.8144798278809,-49.5598907470703
18.7919464111328,-51.5392227172852
32.1428565979004,7.18336534500122
30.1369876861572,-4.40366840362549
23.1923599243164,-24.9510593414307
4.32900428771973,-51.4388427734375
10.7462692260742,2.58302402496338
30.8310985565186,-29.1123542785645
17.7777786254883,-20.0977973937988
4.54545450210571,-50.0442848205566
52.554744720459,-53.1757774353027
36.0902252197266,-53.788818359375
26.449275970459,-34.6534652709961
35.5221519470215,-3.35651636123657
29.7297306060791,-7.96460199356079
9.40594100952148,-50.6287231445312
19.53125,22.7272720336914
10.5,-14.2580013275146
17.142858505249,-1.41952776908875
4.63320446014404,16.9841289520264
17.9930782318115,-1.85844600200653
16.7919807434082,-2.19017863273621
13.357400894165,-23.3825359344482
4.28571462631226,-44.3870964050293
13.0769233703613,-38.8670310974121
17.7339897155762,-35.3783226013184
15.2631578445435,-10.0467281341553
17.6470584869385,-10.0749378204346
20.6896553039551,-44.5920333862305
25.6038627624512,-47.2829933166504
28.4644184112549,-65.1699523925781
25.490198135376,-59.3070640563965
21.75,11.4898996353149
32.962963104248,-39.3904762268066
19.1204586029053,-3.05902671813965
28.2728290557861,-42.2727966308594
18.3150196075439,-32.6505279541016
17.2248802185059,-56.4202308654785
24.0684719085693,-0.451987981796265
7.7380952835083,-32.2624740600586
29.8755207061768,-53.8461570739746
10.8108110427856,-45.9403915405273
12.3152713775635,-20.428825378418
14.4876327514648,-13.3962268829346
3.4965033531189,-44.2401962280273
28.3163280487061,-53.5620079040527
13.1578950881958,-30.6759090423584
48.8023948669434,-10.0096864700317
18.2608699798584,-43.634765625
18.6991863250732,-38.6681823730469
29.7297306060791,-41.803279876709
16.6666679382324,-34.4332847595215
28.4059944152832,-29.8778495788574
12.5,-55.2320938110352
23.3870964050293,-6.13323879241943
18.1818180084229,-30.449390411377
24.4234809875488,-26.1763362884521
20.7317066192627,-52.2288246154785
17.7304973602295,-34.9025993347168
17.5438594818115,-47.4209632873535
15.3024911880493,-37.3280067443848
22.1020088195801,-26.056640625
17.3333339691162,-35.367115020752
12.745099067688,-35.9013862609863
27.1551723480225,-51.117317199707
31.4814796447754,-35.9865455627441
28.4090900421143,-28.9824905395508
21.6000003814697,-45.2719230651855
18.7234039306641,-38.810302734375
15.5279502868652,-34.3382339477539
7.82608699798584,-41.1070137023926
25.8278121948242,-27.8543853759766
8.57142925262451,-52.3893814086914
18.6666660308838,-40.9064140319824
13.1147537231445,-1.25984251499176
20.9439525604248,-35.1409034729004
22.6086959838867,-34.811164855957
15.3061227798462,-54.2678108215332
13.418529510498,-48.6265106201172
17.8278694152832,-45.3364181518555
10.7142858505249,-40.8326644897461
10.6508874893188,-53.90625
17.8403759002686,-42.142520904541
8.20895481109619,-9.42856979370117
18.8524589538574,-61.2765960693359
23.2558155059814,-3.36323070526123
21.3114757537842,-52.3076934814453
14.9532709121704,-57.6441116333008
11.6666669845581,-32.0272560119629
11.2781953811646,-20.066520690918
27.1943187713623,-39.2196922302246
35.1263389587402,-15.5976114273071
16.5938873291016,-10.5128202438354
7.69230794906616,-61.8888931274414
21.3235282897949,-51.7100944519043
9.49367046356201,-50.2057609558105
27.4074077606201,-41.4041404724121
25.1585636138916,-32.28125
26.1527442932129,-4.6452431678772
25.5786666870117,8.76298141479492
17.96875,-13.3333320617676
16.6125030517578,14.9851636886597
8.20895481109619,2.6409478187561
15.3880271911621,14.0029954910278
23.6284084320068,11.8085126876831
32.3481101989746,-37.1274108886719
23.6231880187988,2.78249073028564
15.0406513214111,-19.0793838500977
17.0588245391846,-6.37775945663452
26.7716522216797,33.2319374084473
21.5226936340332,-13.3029251098633
5.98290586471558,-33.6565093994141
24.8427677154541,-3.72078418731689
22.72727394104,-25.2012367248535
5.26315784454346,-28.2113819122314
19.7802200317383,-24.2857151031494
23.9130439758301,-37.0949058532715
12.2448978424072,25.9363021850586
22.7963523864746,2.74028491973877
23.3606567382812,-14.2294702529907
18.5929641723633,3.09339475631714
12.8805618286133,-0.182148814201355
15.9779605865479,13.6837692260742
5.46075057983398,-14.3965110778809
24.5524311065674,-22.5910930633545
21.6524219512939,10.7946720123291
18.4368743896484,-2.59769248962402
14.3884897232056,-10.1549034118652
22.3140487670898,-13.2678642272949
22.3438129425049,10.045506477356
16.157205581665,-13.6292848587036
7.34463262557983,0.47309398651123
24.3636360168457,19.0258769989014
22.1692485809326,-46.3382110595703
18.5873603820801,18.9765453338623
4.15512466430664,-59.6122817993164
26.1934223175049,-10.8066082000732
14.7239265441895,-61.6314163208008
5.57939910888672,-26.0669746398926
7.49063634872437,-62.9032249450684
10.6299209594727,20.7590999603271
16.3992862701416,-55.9785537719727
1.44927537441254,-17.9814395904541
3.80434775352478,-6.5151481628418
9.5833330154419,-26.3791999816895
3.84615397453308,-44.7298469543457
10.0806455612183,-17.1186428070068
13.9817628860474,0.957241654396057
12.9943504333496,-57.6470565795898
28.3095722198486,-12.8827781677246
18.9655170440674,-18.7721366882324
1.30434775352478,-13.9900684356689
24.6913585662842,-51.7350120544434
3.74331545829773,-10.5908575057983
7.91556739807129,-22.823823928833
13.6690645217896,-39.4923858642578
9.42028999328613,5.7990550994873
10.4938268661499,-9.01360511779785
18.4210529327393,-12.9890441894531
12.6262617111206,-45.4159622192383
2.06185555458069,-22.7053165435791
4.62046194076538,-3.58744263648987
3.7209300994873,-30.2389678955078
25.7575759887695,-28.6463794708252
5.30612230300903,-20.752269744873
8.88888931274414,-42.9347801208496
23.364107131958,16.2850284576416
18.75,-11.744535446167
12.383900642395,-52.7506637573242
6.06060600280762,-5.42635631561279
1.89573466777802,-49.5706481933594
2.08333349227905,-53.2258110046387
1.23076927661896,14.9272623062134
3.38983058929443,7.15962648391724
3.39805817604065,-15.2838439941406
2.31213855743408,11.0791387557983
9.19540214538574,-62.1226005554199
20,-52.9004325866699
24.1502685546875,-25.5738677978516
14.9395513534546,0.720211863517761
3.06513404846191,-23.2198123931885
27.7669906616211,-37.0614013671875
7.1005916595459,-3.21488666534424
9.47976875305176,-3.10642862319946
1.93236708641052,2.43337440490723
7.97872304916382,-3.69897794723511
7.50000047683716,3.20512962341309
8.33333396911621,-42.7480888366699
10.4316549301147,-18.249813079834
15.3846158981323,-5.27845335006714
7.80487823486328,-9.93411254882812
13.6771306991577,-28.8254566192627
10.8761329650879,-34.2767295837402
12.5560541152954,-49.0654182434082
4.2194094657898,-45.283016204834
19.8675498962402,-49.6635246276855
28.5714302062988,-40.769832611084
24.1304359436035,1.29204988479614
5.50847482681274,-51.8812942504883
7.58293867111206,-44.6456718444824
8.33333396911621,-35.4463157653809
6.40394115447998,-20.474967956543
6.72268962860107,-50.4840965270996
2.1857922077179,-50.8032150268555
9.33125972747803,-30.4715881347656
5.75221252441406,-50.3151817321777
4.61538457870483,-44.5918388366699
2.17391300201416,-49.2820739746094
20.9876537322998,-51.942741394043
21.9956703186035,-15.4148149490356
9.21658992767334,-53.5301666259766
10.0740737915039,-1.18530094623566
4.62633466720581,-5.71428537368774
38.8888893127441,-40.1114196777344
8.23293209075928,29.5685253143311
9.1185417175293,-7.81089353561401
17.8048782348633,-49.8199272155762
8.37209320068359,-48.7912101745605
11.4942531585693,2.06896352767944
20.1550388336182,-39.6192207336426
18.6851215362549,18.5185203552246
9.09090900421143,22.8260898590088
19.4711532592773,-17.1626300811768
13.6538457870483,-38.2062797546387
22.3880596160889,-46.6209106445312
33.1683158874512,-40.4332122802734
31.6546764373779,-50.1689186096191
20.9944763183594,-45.064380645752
6.25,-3.59911632537842
14.0382318496704,-11.4928112030029
4.23728847503662,-43.2276649475098
14.0322580337524,-16.5596008300781
12.1739130020142,-48.3989028930664
6.14035081863403,-32.8387756347656
5.01567363739014,-5.50744819641113
10.2941179275513,-9.21757793426514
10.0877199172974,-28.1280822753906
12.6459140777588,-0.874099135398865
0.790513873100281,6.81431007385254
4.84581518173218,0.106045603752136
13.7071657180786,-54.5143585205078
13.9170904159546,-12.6143951416016
8.53658580780029,-27.2343425750732
2.54777073860168,-51.3196487426758
12.9464282989502,48.7038955688477
6.1363639831543,-20.9068012237549
3.70370364189148,16.5876770019531
4.5,-17.6882648468018
18.1685352325439,-2.38982439041138
32.9966354370117,-27.4137916564941
16.0714282989502,-5.11593818664551
19.3916358947754,-49.2385787963867
3.27868843078613,-2.83224582672119
16.2790699005127,7.75316524505615
8.84955787658691,4.89949607849121
4.80000019073486,-3.70774269104004
17.7777786254883,-39.1836776733398
6.94444465637207,-15.5006885528564
21.2431907653809,24.977409362793
16.9230766296387,11.531907081604
0.636942684650421,-47.8873252868652
4.63576173782349,-10.8150453567505
37.9310340881348,-28.7638664245605
21.0116729736328,-14.9038467407227
1.98198199272156,19.8507480621338
6.45161247253418,-9.13294887542725
30.1329078674316,16.3181667327881
3.68098163604736,-14.6715822219849
8.25688076019287,-18.0851039886475
2.68456387519836,-7.49574279785156
22.2187404632568,-2.56768321990967
3.125,19.4206714630127
0.749063670635223,12.7853870391846
13.7535810470581,-47.6019744873047
13.1474103927612,-35
19.1304340362549,-19.3058586120605
6.62251615524292,-11.0552787780762
14.0186920166016,-58.4795303344727
8.74035930633545,53.3149108886719
13.7195129394531,-0.42194128036499
26.9493846893311,-47.473560333252
7.32394361495972,-8.44939613342285
10.427806854248,-33.0516738891602
14.0740737915039,2.65151262283325
14.6290493011475,-1.34290456771851
2.69058299064636,-3.48567056655884
0.628930807113647,-55.8225517272949
1.65745854377747,-12.2590599060059
6.70391082763672,-13.9275770187378
34.0740737915039,-11.5877933502197
8.77192974090576,-49.5485343933105
13.6752147674561,-9.90476131439209
18.0722885131836,-41.8459396362305
35.7142868041992,-22.7853145599365
20.6349201202393,-11.4735660552979
25.1282062530518,-1.63632929325104
17.9487190246582,-49.6543769836426
2.70270276069641,-56.0675926208496
3.22580623626709,-18.2950820922852
13.5775861740112,4.18068170547485
20.0414657592773,-32.3269844055176
24.21875,-47.4898262023926
6.95652151107788,-47.0129890441895
19.4444446563721,3.05084586143494
5.21739101409912,-44.7530860900879
11.1111116409302,-39.7950477600098
8.57142925262451,-48.9154014587402
5.99250936508179,-38.7254905700684
23.9130439758301,-39.396411895752
1.85185182094574,-37.5422782897949
0,-15.2597370147705
28.9286727905273,5.87075662612915
18.9602451324463,-37.7938499450684
7.92079210281372,-55.4603805541992
21.1538467407227,-43.4744262695312
14.3790855407715,-11.8778314590454
9.58549213409424,-60.1705207824707
6.36942672729492,-16.4930572509766
17.6470584869385,-1.54125094413757
17.7777786254883,-47.2057075500488
18.7919464111328,-9.40460014343262
10.7438011169434,11.7870721817017
3.125,-7.60279273986816
5.55555582046509,-36.7177543640137
27.2037353515625,-38.2122802734375
7.01754379272461,-59.940357208252
26.3636360168457,-45.7180480957031
12.4603681564331,7.79863882064819
0.833333373069763,-0.159743428230286
5.53633213043213,-31.9089660644531
12.0689649581909,-14.3617038726807
6.96202516555786,-34.9896507263184
4.06976747512817,-4.50292205810547
20.983606338501,-12.6663608551025
32.3129272460938,-50.2958602905273
30.6188907623291,-25.081241607666
31.7460327148438,-42.3883323669434
13.2890357971191,1.01265907287598
13.2662401199341,3.72281670570374
10.2272729873657,13.6854763031006
14.5454540252686,3.59477090835571
6.59340715408325,-20.4123668670654
16.5384616851807,-2.36486482620239
7.87401580810547,26.5932312011719
22.6918792724609,-16.3507709503174
11.2000007629395,1.55830085277557
33.1521759033203,-47.9651145935059
23.1270351409912,-7.45856332778931
32.7551002502441,-16.0653781890869
6.6666669845581,-18.5056457519531
22.6829280853271,-40.7327575683594
29.230770111084,-52.1440811157227
3.30033016204834,23.1788082122803
8.84955787658691,-17.6761417388916
11.1111116409302,14.9831657409668
36,-46.6666679382324
33.9285697937012,-59.3525161743164
36.3196144104004,-50.3441505432129
33.7628860473633,-42.4685707092285
20.6225681304932,11.1866521835327
30.1662712097168,-34.0983581542969
17.9104480743408,-32.692310333252
32.3715057373047,18.6756401062012
4.30107545852661,-65.8399124145508
14.6478872299194,-1.15761458873749
9.76138877868652,-3.58361601829529
12.6106185913086,-8.2838830947876
8.43989753723145,-5.48163938522339
28.6472148895264,-34.207649230957
20.357141494751,-52.263988494873
18.3333339691162,-22.3931636810303
2.70270276069641,-56.4530296325684
32.2085876464844,-50.7803153991699
28,6.38977575302124
29.1208801269531,1.9788920879364
25.0345802307129,-43.8459510803223
34.4594612121582,-35.5847396850586
16.3461532592773,-55.3382225036621
19.3965530395508,-22.0367908477783
11.5151519775391,-52.0134201049805
15.2380962371826,-27.5539569854736
11.4982576370239,-36.0588722229004
20.6912136077881,-19.8866863250732
9.1304349899292,-18.1721019744873
13.4453792572021,-25.1516819000244
3.04568529129028,-16.3862457275391
5,-47.3092384338379
11.0497236251831,-53.0984992980957
10.7843141555786,-41.5081520080566
11.5894041061401,-30.2596530914307
10.638298034668,-54.5311279296875
13.7931032180786,-41.0287094116211
5.12820529937744,-53.2270889282227
4.46927356719971,-51.1124839782715
26.7098331451416,-18.4205169677734
17.5965671539307,-55.0393981933594
17.97385597229,-33.5322189331055
6.89655160903931,-41.0358543395996
12.0347394943237,-46.3274688720703
4.5751633644104,-71.006462097168
12.7551021575928,-47.7419357299805
22.1870040893555,-23.8027725219727
7.758620262146,-26.0262012481689
12.2789783477783,-24.7129745483398
3.78378367424011,-30.390495300293
4.90797519683838,4.27226734161377
3.19148945808411,-38.0993156433105
34.1549301147461,-38.2561149597168
19.8380565643311,-34.6368713378906
18.1818180084229,-13.6253032684326
9.85915470123291,-39.3097648620605
5.76271200180054,-58.3333320617676
6.73076963424683,-59.4911918640137
5.16304349899292,-59.3117408752441
0.361663669347763,-58.7848968505859
3.70370364189148,-47.6486854553223
18.6714973449707,-4.86887073516846
6.77083349227905,-29.8254127502441
18.3870964050293,-25.4255886077881
10.2803735733032,-42.2273788452148
4.63576173782349,-41.5723266601562
9.2391300201416,-47.8730583190918
12.3711338043213,-28.1040878295898
16.141731262207,-54.6777534484863
9.94318199157715,-21.8115558624268
22.3519592285156,-23.5074100494385
19.1011238098145,-45.5534210205078
6.14886713027954,-27.9156322479248
1.15606927871704,-55.0295829772949
20.9677410125732,-29.8237743377686
2.67857146263123,-37.391300201416
5.41871929168701,-9.57257270812988
12.598424911499,-33.4103164672852
13.1313133239746,-31.4685306549072
2.99625468254089,-36.8914527893066
5.96330261230469,-54.964542388916
10.4651165008545,-54.4388580322266
6.55737686157227,-37.289493560791
15.2912616729736,-27.1617794036865
6.3318772315979,-48.153694152832
7.69230794906616,-47.2279243469238
9.375,-38.5451507568359
5.24861907958984,-36.2779159545898
2.63157892227173,-42.5204010009766
19.2982444763184,-44.267936706543
14.3181819915771,9.35251712799072
16.9319820404053,-5.87761402130127
7.58620738983154,-29.6178340911865
22.2222232818604,-48.6206932067871
4.58715581893921,-9.92307662963867
7.96019887924194,-33.5806541442871
13.2642660140991,-16.2171897888184
4.52674865722656,-95.0561752319336
6.7014799118042,-22.7609939575195
2.64550256729126,-54.0642738342285
9.61923789978027,-46.3842735290527
7.09193706512451,-3.01707077026367
2.81329917907715,-63.6956520080566
1.2048192024231,-64.0102767944336
2.95031046867371,-13.1114664077759
2.86532950401306,-50.5936698913574
14.7138299942017,-6.65790128707886
15.8291454315186,-16.3500480651855
9.79955387115479,-50.0752983093262
16.4444446563721,-8.77049255371094
4.6875,0.986650586128235
7.51445055007935,-45.99609375
6.34057950973511,-45.7080383300781
11.1853084564209,-16.4705848693848
14.698429107666,-13.7276220321655
7.63888883590698,-75.7894744873047
9.02934551239014,-89.254768371582
8.34403133392334,13.0378608703613
6.14886713027954,-43.8993721008301
10.1479921340942,-33.7533760070801
16.7028198242188,-58.448356628418
6.20155048370361,-42.531120300293
4.05305814743042,-6.80686235427856
34.9206352233887,-29.4791069030762
36.2540435791016,-29.9667472839355
18.3050842285156,-39.1463394165039
31.9047622680664,-41.1467895507812
30.4526748657227,-36.6552124023438
21.9251327514648,-51.3139724731445
29.7564182281494,-50.4421348571777
21.02561378479,-29.2561321258545
22.8668937683105,-41.5173873901367
35.4508209228516,-39.1747055053711
37.0600395202637,-60.3517189025879
30.9540157318115,-3.77510046958923
26.5460052490234,-46.2956161499023
28.2485866546631,-44.6122436523438
18.3252429962158,-35.619987487793
25,-44.1149635314941
19.8312244415283,-49.4190559387207
19.230770111084,-62.0739707946777
27.6404495239258,-41.8614730834961
22.6495723724365,-50.2300605773926
32,-42.3863639831543
4.05405378341675,-53.2435760498047
32.5284080505371,-38.6647834777832
3.48837232589722,-57.9736175537109
9.70873737335205,-48.9860610961914
18.7301597595215,-38.5989952087402
33.7520141601562,-35.4056816101074
8.42572116851807,-57.260383605957
27.2727279663086,-49.4571342468262
13.6531372070312,-51.1925811767578
32.3854637145996,-49.9038505554199
24.680850982666,-56.7129592895508
16.7883224487305,-29.784366607666
30.2211322784424,-47.9122924804688
27.2463760375977,-59.8550186157227
9.84654712677002,-54.8103637695312
16.015625,-51.767391204834
18.1818180084229,-30.5102024078369
15.3846158981323,-35.8771514892578
10.1449270248413,-14.0969161987305
11.0837440490723,-59.458065032959
30.5346870422363,-40.2691421508789
19.3227100372314,-44.1018753051758
23.9700374603271,-38.7387390136719
25.7678718566895,-27.7849235534668
36.6666679382324,-56.5828666687012
26.5037593841553,-56.8021240234375
27.1708698272705,-53.722900390625
39.6880416870117,-41.6425552368164
21.2218647003174,-33.6567192077637
13.8339920043945,-52.1428604125977
32.5034599304199,-43.8323783874512
20.0276908874512,-10.6142530441284
10.3703699111938,-51.5434341430664
7.71349906921387,-52.1374053955078
17.5829620361328,-13.7212066650391
29.1428565979004,-44.3617324829102
19.6787147521973,-44.0243911743164
23.9316234588623,-48.9829139709473
22.9885063171387,-42.4096374511719
23.1707324981689,-47.250862121582
26.4367828369141,-46.1315727233887
20.3939743041992,-37.4856986999512
22.357723236084,-42.7111511230469
15.4545459747314,-49.1219024658203
12.0155038833618,-22.276554107666
19.2837467193604,-26.996410369873
16.7785243988037,-26.2380542755127
18.9781017303467,-51.2648811340332
19.5652179718018,-32.2404403686523
22.8215770721436,-45.9287528991699
27.4809150695801,-28.6830368041992
8.38709735870361,-51.5451202392578
21.4285717010498,-54.3209915161133
26.0869560241699,-53.3156471252441
25.7703094482422,-51.2344169616699
9.75609683990479,-28.2113819122314
27.2727279663086,-46.0513496398926
31.2030067443848,-40.8409996032715
18.1818180084229,-49.8542289733887
30.067569732666,-57.8336524963379
20.1617259979248,-22.9361705780029
11.9496850967407,-31.7632846832275
24.4094486236572,-51.6576690673828
21.0526313781738,-49.8605346679688
22.9050273895264,-39.1080627441406
23.2558155059814,-46.6202087402344
31.5193748474121,-28.0605049133301
22.4489784240723,-50.2244720458984
23.2558155059814,-38.540412902832
21.2903232574463,-39.8861656188965
25.78125,-58.9003791809082
22.4191856384277,-29.5003318786621
40.6593399047852,-60.0775184631348
33.673469543457,-51.979606628418
20.2020206451416,-54.8240661621094
17.1717166900635,-41.2066764831543
18.518518447876,-45.3965377807617
7.48299264907837,-45.5010986328125
22.7326259613037,-28.195276260376
16.4265117645264,-9.87306213378906
10.4954710006714,-4.17294216156006
1.32743358612061,-17.7070064544678
6.22222232818604,-20.642650604248
5.020920753479,-26.8551235198975
3.26086950302124,-4.85961151123047
3.26409482955933,-48.9019012451172
10.7452344894409,-34.7128677368164
5.51558780670166,-54.8663063049316
4.95238065719604,-2.15827226638794
11.0047845840454,-2.68691492080688
9.47432708740234,-26.2699241638184
9.42043399810791,23.4407596588135
4.7393364906311,-10.95152759552
2.39234447479248,-47.6089286804199
0.471698105335236,4.48780632019043
2.60869550704956,-7.692307472229
4.43037986755371,-9.77011585235596
2.36220479011536,-0.837519764900208
2.04081630706787,-8.6288423538208
8.25396823883057,-28.5947685241699
25.0197315216064,-14.1601238250732
4.92505359649658,13.5245914459229
0.632911384105682,-34.1786117553711
1.85185182094574,6.95488739013672
1.50753772258759,-36.2068977355957
21.9917011260986,-30.6635055541992
27.2321434020996,-46.4032402038574
18.4615383148193,-31
18.8811187744141,-53.2718887329102
18.5430469512939,0.944286584854126
12.3287668228149,-53.9617462158203
24.5439472198486,-28.2463188171387
15.7534236907959,-33.3928565979004
4.04040384292603,-10.6015472412109
9.70677471160889,-14.7425327301025
16.0919551849365,-39.4980201721191
9,-36.8298377990723
14.2857151031494,-54.5541687011719
18.9236106872559,-32.2925682067871
32.1100921630859,-13.8324851989746
22.8329811096191,-33.2214775085449
11.0236215591431,-51.9920349121094
4.66321277618408,-50.3506317138672
22.6890754699707,-29.1384334564209
7.09677410125732,-50.1718215942383
19.230770111084,-33.6909866333008
25.3333320617676,-23.7577648162842
20.3914432525635,11.8046817779541
22.0125770568848,-42.2655296325684
6.89655160903931,-45.0901794433594
4.92091417312622,-8.31099319458008
5.625,-20.1989288330078
3.16455698013306,-1.53473317623138
15.9090909957886,-27.8650379180908
19.6850395202637,-9.86110973358154
2.22222232818604,-0.875100493431091
18.2608699798584,-5.42071151733398
22.0095691680908,-20.259241104126
21.0526313781738,-34.4142265319824
10.1851854324341,-8.04195690155029
23.2769832611084,-26.0714302062988
14.3712577819824,-51.4331207275391
3.11418676376343,-45.6088562011719
25.1028804779053,-12.1837539672852
23.8095245361328,-36.1176490783691
0,-16.054313659668
9.41176509857178,-65.0226745605469
16.7999992370605,-54.3196563720703
27.4988689422607,-18.3109245300293
28.5132369995117,-47.5223388671875
31.3609485626221,-36.1691551208496
18.2795696258545,-7.28681993484497
27.1375484466553,-33.276668548584
19.8795185089111,-26.5139102935791
2.66666674613953,-8.10276889801025
5.8461537361145,-49.568962097168
1.12044823169708,-24.1016120910645
1.49700593948364,-17.8092975616455
1.12044823169708,-49.6430892944336
0.546448051929474,-17.3228321075439
3.30188679695129,-52.1880035400391
2.04081630706787,-6.74087858200073
39.8105697631836,-13.6923923492432
9.16844367980957,-24.8677253723145
2.52100849151611,-9.65986251831055
6.16438341140747,-41.8451385498047
41.3043479919434,-81.9721069335938
2.38726782798767,-52.4328231811523
7.38007354736328,8.73724174499512
4.4776120185852,-10.973087310791
0.476190507411957,11.4363555908203
2.70270276069641,-51.9830055236816
17.6056346893311,1.58132612705231
7.19999980926514,-24.1621208190918
6.5789475440979,-54.2974128723145
0,-11.5858669281006
4.47154474258423,-4.48718070983887
10.3448276519775,5.8371753692627
2.67558526992798,-45.1155242919922
29.4117660522461,12.0491142272949
41.4868125915527,-49.6685104370117
8.07453346252441,-43.884407043457
19.25465965271,-39.5140647888184
29.5918369293213,-69.0690689086914
2.27272725105286,-41.9098129272461
3.01724123954773,-43.8345832824707
17.5170059204102,-35.6995468139648
4.7619047164917,-71.02734375
11.3475170135498,5.71151971817017
11.3127002716064,-7.71784353256226
6.09929084777832,-0.602047145366669
8.26210784912109,-1.24309360980988
1.58013558387756,-18.7121658325195
9.0032148361206,-48.4011039733887
12.7071828842163,-5.6657223701477
26.4817142486572,-10.423246383667
17.0818500518799,-40.9907302856445
10.2766799926758,-8.41210079193115
6.95187139511108,21.1340217590332
7.83410167694092,6.03621578216553
28.3667621612549,-70.0940246582031
24.352331161499,-38.1308441162109
12.1262464523315,-62.6041641235352
32.9317283630371,-31.4259757995605
24.0786247253418,-47.5642890930176
5.69620227813721,-6.82870149612427
13.1914901733398,-52.4711685180664
37.130802154541,-13.8157892227173
15.6515579223633,-48.4066772460938
2.71317839622498,-45.0455017089844
6.52173900604248,-50.9267463684082
4.41176462173462,-42.2114601135254
20.0842685699463,-43.3333358764648
3.4965033531189,-50.0767288208008
3.03030300140381,-36.920036315918
33.0645179748535,2.62984943389893
16.2921352386475,2.7671754360199
7.8397216796875,-7.54298400878906
15.5771913528442,-37.9804954528809
1.07526886463165,11.3809852600098
5.625,-0.218579173088074
8.50746250152588,9.71943855285645
2.41379308700562,-43.5091285705566
0.779220759868622,-83.1801452636719
14.1544122695923,6.46186447143555
10.7438011169434,-37.9152374267578
38.9261741638184,-55.5149726867676
31.4393939971924,-44.2362289428711
21.9780216217041,-12.8893661499023
16.0221004486084,-45.3709030151367
27.4610691070557,-28.6338634490967
35.361213684082,-16.3466815948486
36.8324127197266,-55.1162300109863
6.25,-28.8702926635742
29.8429317474365,-26.3157901763916
9.3093090057373,-24.4881896972656
18.0879821777344,-2.30689644813538
4.79452037811279,9.79244136810303
7.60869550704956,-24.7706432342529
17.7419357299805,-42.3031730651855
14.3968868255615,-21.9553089141846
3.4403669834137,-27.5579814910889
23.617618560791,-26.1353721618652
14.1346158981323,-18.0605621337891
21.272008895874,-27.0396118164062
14.1304340362549,-54.6715316772461
33.5697402954102,-36.7804870605469
27.5096950531006,-29.7332172393799
24.4444446563721,-3.95480108261108
23.8291072845459,-13.6465282440186
29.8969058990479,-50.2665634155273
23.529411315918,-37.1142578125
25.7097778320312,-9.87797832489014
25.5544185638428,2.31859087944031
15.5234651565552,-65.9090957641602
15.3424654006958,-5.95697784423828
14.7465438842773,-49.7536964416504
22.0202007293701,-21.0953598022461
20.760232925415,-10.1345691680908
28.1350498199463,-32.435619354248
12.0481929779053,-10.5168256759644
35.6020965576172,-48.5094871520996
20.5263156890869,10.954514503479
37.037036895752,-22.7767715454102
15.1125402450562,-43.1398849487305
11.7241382598877,-50.2507553100586
13.5181980133057,-13.7520427703857
27.8588809967041,-30.6155433654785
25.4060325622559,4.98721313476562
3.58306217193604,59.3436012268066
14.1552505493164,-30.9649105072021
23.1511249542236,-47.3207550048828
13.966480255127,-29.8548107147217
14.6835441589355,-10.176721572876
22.0555858612061,8.04564189910889
9.375,-18.3367767333984
13.5343608856201,12.9329385757446
8.45070362091064,-19.9186973571777
7.56756734848022,-32.7785835266113
16.8393783569336,4.71923637390137
14.8541107177734,-21.3374824523926
9.35672569274902,12.6906661987305
9.375,-45.1583709716797
16.4750957489014,-23.3591995239258
26.1744976043701,-4.17582416534424
8.5427131652832,-16.2162170410156
5.38922119140625,-2.20689630508423
31.1699771881104,-3.2086877822876
9.01960849761963,-5.19693803787231
11.1111116409302,-10.6609802246094
10.9756097793579,-51.539134979248
10.2189779281616,-37.3263893127441
17.8832111358643,-0.169563293457031
8.77192974090576,-54.8259506225586
15.4734420776367,-17.2248039245605
13.8231639862061,-3.91708898544312
21.3569774627686,-18.7765426635742
31.1797733306885,-31.901180267334
21.264368057251,5.35011863708496
16.5887851715088,-23.5188503265381
21.3043479919434,-44.4736824035645
16.8970813751221,-25.5353240966797
19.8347110748291,-32.7327308654785
6.31067991256714,-57.2108345031738
11.6129035949707,-4.52364683151245
11.3402061462402,-28.4581489562988
21.8045120239258,-25.5731906890869
25.4329986572266,-19.0705223083496
5.80357122421265,-63.0693778991699
30.0342617034912,-15.0250034332275
20.7142868041992,-23.8333339691162
18.3483390808105,-3.23507785797119
12.9213485717773,0.653594732284546
11.4942531585693,-54.1666641235352
24.7077159881592,-36.2205581665039
3.22580623626709,-33.2872924804688
15.5701751708984,-21.2322273254395
20.7766990661621,-17.0444641113281
19.5723686218262,-18.4792766571045
17.2185440063477,-13.908314704895
13.3720932006836,-27.0315055847168
13.4090919494629,-34.3148384094238
24.4541473388672,-34.5868949890137
20.5882358551025,-46.3036994934082
37.9008750915527,-50.1170043945312
64.7058868408203,-39.5848770141602
42.2705307006836,-22.1704120635986
13.4241237640381,-46.2330513000488
21.9804134368896,-41.2238578796387
16.9082126617432,-40.6169662475586
12.2065734863281,-37.5152244567871
9.85915470123291,-3.64832592010498
13.2530126571655,-11.6811361312866
19.4132328033447,-22.4243659973145
17.8137645721436,-26.3943786621094
15.5405406951904,-36.5930595397949
12.0160217285156,-24.5715923309326
2.75590538978577,-41.7695503234863
3.91304349899292,-58.9765853881836
28.4210529327393,-18.8770980834961
6.30590343475342,-10.3888664245605
9.41672515869141,-36.1177673339844
5.26315784454346,-53.3333282470703
10.3703699111938,-9.08639430999756
3.4403669834137,-31.8137702941895
8.4697732925415,-11.8409852981567
6.48148155212402,-14.1963720321655
7.45762729644775,-1.44592523574829
25.9036159515381,-52.5147933959961
2.22222232818604,-68.3720932006836
4.29104471206665,-4.41731214523315
8.2142858505249,-40.8677024841309
10.1751041412354,19.6555404663086
13.5831384658813,-34.199535369873
12.2077922821045,-19.8795490264893
2.74261617660522,-83.4042510986328
5.55073738098145,-12.4425525665283
10.635669708252,-13.8077440261841
1.18343198299408,-2.16284990310669
1.9157087802887,-40.550178527832
2.35849070549011,1.42132043838501
7.96296310424805,-19.0578155517578
5.9523811340332,-18.7252750396729
2.61904764175415,-37.9635887145996
6.29080104827881,-8.38894271850586
2.78745651245117,-60.9259262084961
3.44827580451965,-22.8515605926514
0,-48.7893447875977
10.6096591949463,26.4047451019287
2.10526323318481,-88.8659744262695
4.15335464477539,-9.26430702209473
13.0573244094849,-29.6989288330078
14.7940073013306,-3.07544016838074
9.23076915740967,-30.1909294128418
14.147910118103,-16.163667678833
23.3502540588379,-35.714282989502
19.6491222381592,-30.9301433563232
5.81395387649536,-24.8908309936523
20.5741634368896,-58.1521759033203
24.8175182342529,-25.4606456756592
24.3346004486084,-45.1053276062012
19.230770111084,-11.384485244751
17.2972984313965,-90.4851913452148
5.07614183425903,-100
4.02771759033203,0.171861052513123
3.79146933555603,-99.8333358764648
1.78041553497314,17.6211471557617
10.8173084259033,-49.2550392150879
3.29600024223328,-6.28385543823242
7.2623929977417,-47.0180702209473
4.49101829528809,-92.4978713989258
7.69230794906616,-51.2558174133301
4.16666698455811,-32.5112113952637
5.88235282897949,-51.4893608093262
20.7407398223877,-17.1841163635254
8.62533664703369,-6.89075565338135
8.2901554107666,-22.4973087310791
22.1614227294922,-47.3219871520996
13.5000009536743,-31.9377994537354
29.9453563690186,-47.0136795043945
26.5560188293457,-55.4664001464844
26.3157901763916,-2.40487003326416
36.6935501098633,-36.3001747131348
28.2282295227051,-49.7880516052246
30.6569328308105,-55.6942291259766
17.064847946167,-15.573769569397
13.0177516937256,-15.039999961853
23.3968811035156,-10.8333320617676
26.6129055023193,12.3107318878174
24.4604320526123,4.33698892593384
26.8436584472656,-38.4469718933105
18.0645160675049,1.42405033111572
4.32098770141602,-1.27226412296295
19.1860466003418,10.5994968414307
23.4200744628906,-63.7767791748047
15.7894725799561,10.40358543396
9.65517234802246,-1.11607313156128
18.540828704834,1.27372288703918
7.94702005386353,-7.44849443435669
10.3658533096313,10.6569318771362
4.7619047164917,4.0414514541626
0.526315808296204,-7.75193881988525
27.7902545928955,16.3865795135498
2.70270276069641,10.830325126648
20.9941520690918,-27.6610527038574
7.03125,-48.8215522766113
2.99401187896729,-4.42286729812622
30.2857131958008,-52.5401039123535
31.8721466064453,-10.8063430786133
26.4404125213623,-14.4999103546143
14.705883026123,-68.0790939331055
11.7977533340454,-47.4916381835938
18.2862186431885,-2.35825777053833
14.9498624801636,-30.7154960632324
9.4036693572998,-11.5230827331543
19.5571956634521,-43.3070869445801
13.6986303329468,-48.9932899475098
20.0885677337646,-24.4609508514404
19.0796852111816,-26.1799335479736
10.6796112060547,-28.4465999603271
10.6598987579346,-47.7087593078613
23.0066452026367,-42.580753326416
13.043478012085,-52.0547943115234
23.2323226928711,-54.5875091552734
2.12765955924988,-50.2253723144531
15.1851844787598,-47.7043151855469
26.7716522216797,-50.5486717224121
18.6311779022217,-28.0636825561523
20.2020206451416,-48.577522277832
26.216215133667,-27.8146572113037
25.3424644470215,-35.4876594543457
13.6986303329468,-48.0769233703613
18.0722885131836,-48.4308738708496
20.8955230712891,-53.2479515075684
15.6756763458252,-14.6648035049438
21.0526313781738,-39.3921356201172
26.373628616333,-33.7743148803711
20.9944763183594,-50.4282646179199
26.5034980773926,-15.5188407897949
30.6818180084229,-10.2412166595459
3.75000023841858,-10.3503198623657
19.1860466003418,-54.5691909790039
7.61904811859131,-64.7826080322266
3.27272701263428,-5.99369096755981
14.4970417022705,0.506186485290527
2.79069757461548,17.7822170257568
12.5,-71.9350128173828
19.2708320617676,-0.310945510864258
2.38095235824585,21.3342151641846
15.0373592376709,-14.1162128448486
4.10958909988403,-57.0759658813477
5.98290586471558,16.2666683197021
4.10958909988403,3.00601434707642
21.7522659301758,-4.19254589080811
17.6100635528564,-49.0771827697754
2.56410264968872,-51.5567779541016
11.6883115768433,-23.2628383636475
6.40000009536743,-18.0403442382812
11.3924045562744,7.09677314758301
18.3333339691162,-25.2129497528076
4.89510488510132,-47.993579864502
20.0985221862793,-5.41898775100708
14.6258506774902,-42.5117530822754
11.5044250488281,-12.4044198989868
7.53564167022705,-29.4941635131836
27.6041660308838,-51.0563354492188
17.0560741424561,-47.1442375183105
14.9068326950073,-47.7142868041992
31.9831218719482,-36.6747245788574
2.47252750396729,-13.4883728027344
10.4417676925659,-29.368335723877
0.546448051929474,-44.7341003417969
4.34782600402832,-30.1282043457031
5.08474540710449,-40.8266143798828
11.4583339691162,-49.7560958862305
17.8571434020996,7.2999119758606
1.88679242134094,-6.38577938079834
24.3961353302002,11.3885641098022
3.62694311141968,-8.23743343353271
7.03517580032349,6.03878211975098
1.16279065608978,-29.2728996276855
12.2580642700195,-13.9518890380859
6,-3.91823053359985
10,-85.5222320556641
22.6388092041016,-4.09411478042603
0,4.65444326400757
9.02612781524658,-24.9354000091553
0,-55.9235649108887
17.3796787261963,-64.1160888671875
8.68055534362793,-26.3459320068359
2.10526323318481,-22.2712230682373
7.21153831481934,-53.375
23.9456558227539,-17.5727405548096
9.56521701812744,-14.2604084014893
23.529411315918,-40.7766990661621
15.2173910140991,-41.3686828613281
31.6672496795654,-23.767427444458
68.0377044677734,-39.3836898803711
22.4299049377441,-48.9924926757812
18.3727035522461,5.33037185668945
10.3274564743042,-52.1287612915039
19.9438190460205,-22.5302410125732
26.9624557495117,-44.9042129516602
20.1219520568848,-20.3579425811768
19.0298519134521,-39.4150428771973
21.65354347229,-13.651876449585
3.28638482093811,-44.3624877929688
20.0389099121094,-10.2990036010742
6.49350643157959,-15.0110359191895
17.7304973602295,-33.0645141601562
24.0620956420898,-14.1278800964355
30.3381652832031,-46.2079734802246
34.4398345947266,-50.5535049438477
22.8828830718994,-49.450927734375
36.7205543518066,-51.4233245849609
24.609375,-46.9333305358887
16.3636360168457,8.9541015625
13.0193901062012,-8.27956771850586
28.9752655029297,-42.0982704162598
25.3141822814941,-40.6643180847168
13.265305519104,-50.6625099182129
21.6911754608154,-60.857593536377
8.23970031738281,21.9081287384033
19.9546489715576,-50.8196754455566
7.88643503189087,9.27152347564697
23.5099334716797,10.2110652923584
34.8901100158691,-44.9794235229492
16.1870517730713,-8.69963359832764
31.5392875671387,-54.7188758850098
21.3615036010742,-83.9547958374023
36.8932037353516,-54.450756072998
17.2131156921387,26.9402294158936
28.423770904541,-61.1716613769531
32.5044403076172,-46.4968185424805
24.4680843353271,2.38806009292603
26.2907066345215,0.143031775951385
28.2608680725098,-25.8252410888672
32.3595504760742,-57.33544921875
34.0206184387207,-41.716869354248
27.1126747131348,-1.40321850776672
15.4195013046265,-28.0918292999268
38.1459884643555,3.17845058441162
19.1489372253418,-18.3644199371338
25.1082248687744,-50.6191177368164
17.1091461181641,-32.7611923217773
32.565128326416,-21.6372737884521
16.0493812561035,-44.5701332092285
30.5555553436279,-19.8539180755615
33.0739288330078,-32.2284889221191
22.972972869873,-66.2337646484375
26.1538467407227,-35.302806854248
24.2937850952148,-38.0952377319336
20.625,-39.167308807373
36.1445770263672,-54.0217399597168
32.6374397277832,-52.0127410888672
19.4444446563721,-55.5446510314941
20.4918022155762,-47.735710144043
26.1180667877197,-31.3655891418457
14.8514852523804,-49.6788024902344
26.6586246490479,-36.4334869384766
13.821138381958,-29.2134819030762
13.1313133239746,-27.4336280822754
25.8555145263672,-39.1943740844727
14.6341457366943,-47.5171203613281
32.1022720336914,-33.936107635498
15.5555562973022,-56.0439605712891
13.55140209198,-50.7070732116699
12.8571434020996,-26.5112247467041
7.35294151306152,8.11965751647949
16.6666679382324,-40.3819923400879
28.125,-45.2530632019043
18.5840702056885,-49.668384552002
3.73134326934814,46.5246620178223
22.4926166534424,-3.53114318847656
2.75590538978577,-52.2959175109863
5.15222454071045,-96.8760223388672
3.49397587776184,-4.89678382873535
6.97050905227661,2.1134614944458
7.64044952392578,-23.9933815002441
6.87916040420532,2.71207690238953
0.987654387950897,-49.9593849182129
5.20169830322266,-1.91387832164764
11.8055553436279,6.7015438079834
3.39943361282349,-3.63349008560181
3.33333349227905,-52.6126136779785
6.33514976501465,-37.8532867431641
6.63615560531616,17.0482215881348
6.14886713027954,-38.808837890625
2.54403138160706,-17.2787475585938
10.3269481658936,14.4796762466431
26.0869560241699,-42.1970367431641
17.5824184417725,-25.420015335083
16.849817276001,-24.8831157684326
20.7692317962646,-43.4806938171387
22.6315803527832,-7.91519451141357
29.6593189239502,-18.5029640197754
29.4964008331299,-48.9396438598633
22.834644317627,-44.901065826416
29.7235012054443,-22.1600322723389
35.7798156738281,-17.4100723266602
23.6104278564453,-20.4541835784912
21.9409294128418,-5.32036399841309
7.37704944610596,-52.0576133728027
16.7509479522705,-14.2612218856812
0.900900900363922,-50.323974609375
23.3999996185303,15.1967439651489
10.7883815765381,-2.0188422203064
7.09219884872437,-52.9787254333496
12.5506076812744,-57.1187362670898
17.8250598907471,-42.0638542175293
19.5348834991455,-35.6435661315918
9.89583396911621,-3.20452451705933
14.3119258880615,-24.4762954711914
11.1801242828369,-34.1786079406738
17.1052627563477,-34.2771987915039
20.20725440979,-85.2459030151367
31.8485527038574,-32.9236526489258
19.1335735321045,-40.930233001709
17.6744194030762,-53.4055786132812
29.8728828430176,-39.3326225280762
22.2972965240479,-18.1274909973145
1.12994349002838,-8.70406341552734
10.3896102905273,-2.33094692230225
18.2561302185059,-43.8144340515137
17.0351104736328,-53.9148330688477
8.69565200805664,-5.17241048812866
22.6221084594727,-64.8622055053711
16.7797660827637,-9.65698337554932
11.3924045562744,-22.8370246887207
5.85106372833252,-4.55729055404663
23.027027130127,-10.3455009460449
21.1267604827881,-51.3342666625977
32.4742240905762,-49.5078735351562
19.6891193389893,-2.20588159561157
18.1286544799805,-34.6938781738281
16.5007476806641,6.94668579101562
1.40186905860901,9.40860176086426
1.76211452484131,-50.550968170166
27.5,-54.1490859985352
35.1791534423828,-58.8685035705566
15.1436033248901,-10.0194568634033
24.9097461700439,-21.2136669158936
14.8698883056641,-51.6787338256836
17.4603176116943,-16.689847946167
19.7476959228516,-13.5274353027344
27.4009666442871,-21.4695491790771
20.4545459747314,-44.9487571716309
16.5048542022705,6.47887277603149
24.4201908111572,-19.6399116516113
1.33333337306976,-33.8658142089844
19.2488269805908,-25.044246673584
15.8227844238281,-42.2032585144043
17.8181819915771,-12.1948022842407
28.1012649536133,-43.5932006835938
12.7272720336914,-51.2685012817383
12.8571434020996,-21.3573818206787
15.7894725799561,-40
20.8773365020752,-31.6274642944336
13.8339920043945,-43.7073173522949
24.8322143554688,-18.7932739257812
9.18367385864258,-37.3871154785156
6.02409648895264,-11.319149017334
11.3095235824585,-35.4624061584473
23.037805557251,-14.8126230239868
21.3636360168457,-33.1125831604004
12.7659578323364,-48.3849716186523
10.0719423294067,-47.8147392272949
4.39560461044312,-50.1033706665039
23.0913639068604,-11.5457220077515
14.5285930633545,-45.390983581543
4.3902440071106,-15.3259935379028
21.9920673370361,-17.1782188415527
23.8805961608887,-35.5971870422363
28.6186103820801,-23.1532421112061
